date,策略回测累计收益率,实盘累计收益率
2020-03-18,1.0,
2020-03-19,1.0,
2020-03-20,1.0,
2020-03-21,1.0,
2020-03-22,1.0,
2020-03-23,1.0,
2020-03-24,1.0,
2020-03-25,1.0,
2020-03-26,1.0,
2020-03-27,1.0,
2020-03-28,1.0,
2020-03-29,1.0,
2020-03-30,1.0757875486167092,
2020-03-31,1.0757875486167092,
2020-04-01,1.0757875486167092,
2020-04-02,1.0757875486167092,
2020-04-03,1.0757875486167092,
2020-04-04,1.0757875486167092,
2020-04-05,1.0757875486167092,
2020-04-06,1.0757875486167092,
2020-04-07,1.0757875486167092,
2020-04-08,1.0757875486167092,
2020-04-09,1.0757875486167092,
2020-04-10,1.0757875486167092,
2020-04-11,1.0757875486167092,
2020-04-12,1.0757875486167092,
2020-04-13,1.0757875486167092,
2020-04-14,1.0757875486167092,
2020-04-15,1.0757875486167092,
2020-04-16,1.0757875486167092,
2020-04-17,1.0757875486167092,
2020-04-18,1.0757875486167092,
2020-04-19,1.0757875486167092,
2020-04-20,1.0757875486167092,
2020-04-21,1.0757875486167092,
2020-04-22,1.0757875486167092,
2020-04-23,1.2151398089204855,
2020-04-24,1.2151398089204855,
2020-04-25,1.2151398089204855,
2020-04-26,1.2151398089204855,
2020-04-27,1.2151398089204855,
2020-04-28,1.2151398089204855,
2020-04-29,1.3870519292208836,
2020-04-30,1.3870519292208836,
2020-05-01,1.3870519292208836,
2020-05-02,1.3870519292208836,
2020-05-03,1.3870519292208836,
2020-05-04,1.3870519292208836,
2020-05-05,1.3870519292208836,
2020-05-06,1.3870519292208836,
2020-05-07,1.3870519292208836,
2020-05-08,1.3870519292208836,
2020-05-09,1.3870519292208836,
2020-05-10,1.3870519292208836,
2020-05-11,1.3870519292208836,
2020-05-12,1.3870519292208836,
2020-05-13,1.3870519292208836,
2020-05-14,1.5614052925875466,
2020-05-15,1.5614052925875466,
2020-05-16,1.5614052925875466,
2020-05-17,1.5614052925875466,
2020-05-18,1.5614052925875466,
2020-05-19,1.5614052925875466,
2020-05-20,1.5614052925875466,
2020-05-21,1.5614052925875466,
2020-05-22,1.5614052925875466,
2020-05-23,1.5614052925875466,
2020-05-24,1.5614052925875466,
2020-05-25,1.5614052925875466,
2020-05-26,1.5614052925875466,
2020-05-27,1.5614052925875466,
2020-05-28,1.5614052925875466,
2020-05-29,1.5614052925875466,
2020-05-30,1.6911551495251758,
2020-05-31,1.6911551495251758,
2020-06-01,1.6911551495251758,
2020-06-02,1.6911551495251758,
2020-06-03,1.6911551495251758,
2020-06-04,1.6911551495251758,
2020-06-05,1.6911551495251758,
2020-06-06,1.6911551495251758,
2020-06-07,1.6911551495251758,
2020-06-08,1.6911551495251758,
2020-06-09,1.6911551495251758,
2020-06-10,1.6911551495251758,
2020-06-11,1.6911551495251758,
2020-06-12,1.6911551495251758,
2020-06-13,1.6911551495251758,
2020-06-14,1.6911551495251758,
2020-06-15,1.6911551495251758,
2020-06-16,1.6911551495251758,
2020-06-17,1.6911551495251758,
2020-06-18,1.6911551495251758,
2020-06-19,1.6911551495251758,
2020-06-20,1.6911551495251758,
2020-06-21,1.6911551495251758,
2020-06-22,1.6911551495251758,
2020-06-23,1.6911551495251758,
2020-06-24,1.6911551495251758,
2020-06-25,1.6911551495251758,
2020-06-26,1.6911551495251758,
2020-06-27,1.6911551495251758,
2020-06-28,1.6911551495251758,
2020-06-29,1.6911551495251758,
2020-06-30,1.6911551495251758,
2020-07-01,1.6911551495251758,
2020-07-02,1.6911551495251758,
2020-07-03,1.6911551495251758,
2020-07-04,1.6911551495251758,
2020-07-05,1.6911551495251758,
2020-07-06,1.6911551495251758,
2020-07-07,1.6911551495251758,
2020-07-08,1.6911551495251758,
2020-07-09,1.6911551495251758,
2020-07-10,1.6911551495251758,
2020-07-11,1.6911551495251758,
2020-07-12,1.6911551495251758,
2020-07-13,1.6911551495251758,
2020-07-14,1.6911551495251758,
2020-07-15,1.6911551495251758,
2020-07-16,1.6911551495251758,
2020-07-17,1.694322138938243,
2020-07-18,1.694322138938243,
2020-07-19,1.694322138938243,
2020-07-20,1.694322138938243,
2020-07-21,1.694322138938243,
2020-07-22,1.694322138938243,
2020-07-23,1.694322138938243,
2020-07-24,1.694322138938243,
2020-07-25,1.694322138938243,
2020-07-26,1.694322138938243,
2020-07-27,1.694322138938243,
2020-07-28,1.694322138938243,
2020-07-29,1.694322138938243,
2020-07-30,1.694322138938243,
2020-07-31,1.694322138938243,
2020-08-01,1.694322138938243,
2020-08-02,1.694322138938243,
2020-08-03,1.694322138938243,
2020-08-04,1.694322138938243,
2020-08-05,1.694322138938243,
2020-08-06,1.694322138938243,
2020-08-07,1.694322138938243,
2020-08-08,1.694322138938243,
2020-08-09,1.694322138938243,
2020-08-10,1.694322138938243,
2020-08-11,1.694322138938243,
2020-08-12,1.694322138938243,
2020-08-13,1.694322138938243,
2020-08-14,1.694322138938243,
2020-08-15,1.694322138938243,
2020-08-16,1.694322138938243,
2020-08-17,1.694322138938243,
2020-08-18,1.694322138938243,
2020-08-19,1.694322138938243,
2020-08-20,1.694322138938243,
2020-08-21,1.694322138938243,
2020-08-22,1.694322138938243,
2020-08-23,1.694322138938243,
2020-08-24,1.694322138938243,
2020-08-25,1.694322138938243,
2020-08-26,1.694322138938243,
2020-08-27,1.694322138938243,
2020-08-28,1.694322138938243,
2020-08-29,1.694322138938243,
2020-08-30,1.694322138938243,
2020-08-31,1.694322138938243,
2020-09-01,1.694322138938243,
2020-09-02,1.694322138938243,
2020-09-03,1.694322138938243,
2020-09-04,1.694322138938243,
2020-09-05,1.694322138938243,
2020-09-06,1.694322138938243,
2020-09-07,1.694322138938243,
2020-09-08,1.694322138938243,
2020-09-09,1.694322138938243,
2020-09-10,1.694322138938243,
2020-09-11,1.694322138938243,
2020-09-12,1.694322138938243,
2020-09-13,1.694322138938243,
2020-09-14,1.694322138938243,
2020-09-15,1.7844472972205419,
2020-09-16,1.7844472972205419,
2020-09-17,1.7844472972205419,
2020-09-18,1.7844472972205419,
2020-09-19,1.7844472972205419,
2020-09-20,1.7844472972205419,
2020-09-21,1.7844472972205419,
2020-09-22,1.7844472972205419,
2020-09-23,1.7844472972205419,
2020-09-24,1.7844472972205419,
2020-09-25,1.7844472972205419,
2020-09-26,1.7844472972205419,
2020-09-27,1.7844472972205419,
2020-09-28,1.7844472972205419,
2020-09-29,1.8830011432134721,
2020-09-30,1.8830011432134721,
2020-10-01,1.8830011432134721,
2020-10-02,1.8830011432134721,
2020-10-03,1.8830011432134721,
2020-10-04,1.8830011432134721,
2020-10-05,1.8830011432134721,
2020-10-06,1.8830011432134721,
2020-10-07,1.8830011432134721,
2020-10-08,1.8830011432134721,
2020-10-09,1.8830011432134721,
2020-10-10,1.8830011432134721,
2020-10-11,1.8830011432134721,
2020-10-12,1.8830011432134721,
2020-10-13,1.8830011432134721,
2020-10-14,1.8830011432134721,
2020-10-15,1.8830011432134721,
2020-10-16,1.8830011432134721,
2020-10-17,1.8830011432134721,
2020-10-18,1.8830011432134721,
2020-10-19,1.8830011432134721,
2020-10-20,1.8830011432134721,
2020-10-21,1.8830011432134721,
2020-10-22,1.8830011432134721,
2020-10-23,1.8830011432134721,
2020-10-24,1.8830011432134721,
2020-10-25,1.8830011432134721,
2020-10-26,1.8830011432134721,
2020-10-27,1.8830011432134721,
2020-10-28,1.8830011432134721,
2020-10-29,1.8830011432134721,
2020-10-30,1.8830011432134721,
2020-10-31,1.8830011432134721,
2020-11-01,1.8830011432134721,
2020-11-02,1.8830011432134721,
2020-11-03,1.8830011432134721,
2020-11-04,1.8830011432134721,
2020-11-05,1.8830011432134721,
2020-11-06,1.8830011432134721,
2020-11-07,1.8830011432134721,
2020-11-08,1.8830011432134721,
2020-11-09,1.8830011432134721,
2020-11-10,1.8830011432134721,
2020-11-11,1.8830011432134721,
2020-11-12,1.8830011432134721,
2020-11-13,1.8830011432134721,
2020-11-14,1.8830011432134721,
2020-11-15,1.8830011432134721,
2020-11-16,1.8830011432134721,
2020-11-17,1.8830011432134721,
2020-11-18,2.0602665084344416,
2020-11-19,2.0602665084344416,
2020-11-20,2.0602665084344416,
2020-11-21,2.0602665084344416,
2020-11-22,2.0602665084344416,
2020-11-23,2.0602665084344416,
2020-11-24,2.0602665084344416,
2020-11-25,2.0602665084344416,
2020-11-26,2.0602665084344416,
2020-11-27,2.0602665084344416,
2020-11-28,2.0602665084344416,
2020-11-29,2.0602665084344416,
2020-11-30,2.361880185327476,
2020-12-01,2.361880185327476,
2020-12-02,2.361880185327476,
2020-12-03,2.361880185327476,
2020-12-04,2.361880185327476,
2020-12-05,2.361880185327476,
2020-12-06,2.361880185327476,
2020-12-07,2.361880185327476,
2020-12-08,2.361880185327476,
2020-12-09,2.361880185327476,
2020-12-10,2.361880185327476,
2020-12-11,2.361880185327476,
2020-12-12,2.361880185327476,
2020-12-13,2.361880185327476,
2020-12-14,2.361880185327476,
2020-12-15,2.361880185327476,
2020-12-16,2.538699139206458,
2020-12-17,2.538699139206458,
2020-12-18,2.538699139206458,
2020-12-19,2.538699139206458,
2020-12-20,2.538699139206458,
2020-12-21,2.538699139206458,
2020-12-22,2.538699139206458,
2020-12-23,2.538699139206458,
2020-12-24,2.538699139206458,
2020-12-25,2.538699139206458,
2020-12-26,2.8409096104275835,
2020-12-27,2.8409096104275835,
2020-12-28,2.8409096104275835,
2020-12-29,2.8409096104275835,
2020-12-30,2.8409096104275835,
2020-12-31,2.8409096104275835,
2021-01-01,2.8409096104275835,
2021-01-02,3.054133320297431,
2021-01-03,3.054133320297431,
2021-01-04,3.054133320297431,
2021-01-05,3.054133320297431,
2021-01-06,3.054133320297431,
2021-01-07,3.054133320297431,
2021-01-08,3.054133320297431,
2021-01-09,3.054133320297431,
2021-01-10,3.054133320297431,
2021-01-11,3.054133320297431,
2021-01-12,3.054133320297431,
2021-01-13,3.282349313237802,
2021-01-14,3.282349313237802,
2021-01-15,3.282349313237802,
2021-01-16,3.282349313237802,
2021-01-17,3.282349313237802,
2021-01-18,3.282349313237802,
2021-01-19,3.282349313237802,
2021-01-20,3.282349313237802,
2021-01-21,3.282349313237802,
2021-01-22,3.52854300682708,
2021-01-23,3.52854300682708,
2021-01-24,3.52854300682708,
2021-01-25,3.52854300682708,
2021-01-26,3.52854300682708,
2021-01-27,3.52854300682708,
2021-01-28,3.52854300682708,
2021-01-29,3.715293969357806,
2021-01-30,3.715293969357806,
2021-01-31,3.715293969357806,
2021-02-01,3.715293969357806,
2021-02-02,3.715293969357806,
2021-02-03,3.715293969357806,
2021-02-04,3.715293969357806,
2021-02-05,3.715293969357806,
2021-02-06,3.715293969357806,
2021-02-07,3.715293969357806,
2021-02-08,4.485808601043132,
2021-02-09,4.485808601043132,
2021-02-10,4.485808601043132,
2021-02-11,4.485808601043132,
2021-02-12,4.485808601043132,
2021-02-13,4.485808601043132,
2021-02-14,4.485808601043132,
2021-02-15,4.485808601043132,
2021-02-16,4.485808601043132,
2021-02-17,4.855157752104769,
2021-02-18,4.855157752104769,
2021-02-19,4.855157752104769,
2021-02-20,4.855157752104769,
2021-02-21,4.855157752104769,
2021-02-22,4.855157752104769,
2021-02-23,4.855157752104769,
2021-02-24,4.855157752104769,
2021-02-25,4.855157752104769,
2021-02-26,4.855157752104769,
2021-02-27,4.855157752104769,
2021-02-28,4.855157752104769,
2021-03-01,4.855157752104769,
2021-03-02,4.855157752104769,
2021-03-03,5.107925105981838,
2021-03-04,5.107925105981838,
2021-03-05,5.107925105981838,
2021-03-06,5.107925105981838,
2021-03-07,5.107925105981838,
2021-03-08,5.107925105981838,
2021-03-09,5.717886850069445,
2021-03-10,5.717886850069445,
2021-03-11,5.717886850069445,
2021-03-12,5.717886850069445,
2021-03-13,5.717886850069445,
2021-03-14,5.717886850069445,
2021-03-15,5.717886850069445,
2021-03-16,5.717886850069445,
2021-03-17,5.717886850069445,
2021-03-18,5.717886850069445,
2021-03-19,5.717886850069445,
2021-03-20,5.717886850069445,
2021-03-21,5.717886850069445,
2021-03-22,5.717886850069445,
2021-03-23,5.717886850069445,
2021-03-24,5.717886850069445,
2021-03-25,5.717886850069445,
2021-03-26,5.717886850069445,
2021-03-27,5.717886850069445,
2021-03-28,5.717886850069445,
2021-03-29,5.717886850069445,
2021-03-30,5.717886850069445,
2021-03-31,5.717886850069445,
2021-04-01,5.717886850069445,
2021-04-02,5.717886850069445,
2021-04-03,5.717886850069445,
2021-04-04,5.717886850069445,
2021-04-05,5.717886850069445,
2021-04-06,5.717886850069445,
2021-04-07,6.112453143596692,
2021-04-08,6.112453143596692,
2021-04-09,6.112453143596692,
2021-04-10,6.112453143596692,
2021-04-11,6.112453143596692,
2021-04-12,6.112453143596692,
2021-04-13,6.112453143596692,
2021-04-14,6.112453143596692,
2021-04-15,6.112453143596692,
2021-04-16,6.112453143596692,
2021-04-17,6.112453143596692,
2021-04-18,7.467703113190368,
2021-04-19,7.467703113190368,
2021-04-20,7.467703113190368,
2021-04-21,7.467703113190368,
2021-04-22,7.467703113190368,
2021-04-23,7.467703113190368,
2021-04-24,7.467703113190368,
2021-04-25,7.467703113190368,
2021-04-26,7.467703113190368,
2021-04-27,7.467703113190368,
2021-04-28,7.467703113190368,
2021-04-29,7.467703113190368,
2021-04-30,7.467703113190368,
2021-05-01,7.467703113190368,
2021-05-02,7.467703113190368,
2021-05-03,7.467703113190368,
2021-05-04,7.467703113190368,
2021-05-05,7.467703113190368,
2021-05-06,7.467703113190368,
2021-05-07,7.467703113190368,
2021-05-08,7.467703113190368,
2021-05-09,7.467703113190368,
2021-05-10,7.467703113190368,
2021-05-11,7.467703113190368,
2021-05-12,8.379417574204258,
2021-05-13,8.379417574204258,
2021-05-14,8.379417574204258,
2021-05-15,8.379417574204258,
2021-05-16,8.379417574204258,
2021-05-17,8.379417574204258,
2021-05-18,8.379417574204258,
2021-05-19,11.149464726873854,
2021-05-20,11.149464726873854,
2021-05-21,11.149464726873854,
2021-05-22,11.149464726873854,
2021-05-23,11.149464726873854,
2021-05-24,11.149464726873854,
2021-05-25,11.149464726873854,
2021-05-26,11.149464726873854,
2021-05-27,11.149464726873854,
2021-05-28,11.149464726873854,
2021-05-29,11.149464726873854,
2021-05-30,11.149464726873854,
2021-05-31,11.149464726873854,
2021-06-01,11.149464726873854,
2021-06-02,11.149464726873854,
2021-06-03,11.149464726873854,
2021-06-04,11.988887989978718,
2021-06-05,11.988887989978718,
2021-06-06,11.988887989978718,
2021-06-07,11.988887989978718,
2021-06-08,11.988887989978718,
2021-06-09,11.988887989978718,
2021-06-10,11.988887989978718,
2021-06-11,11.988887989978718,
2021-06-12,11.988887989978718,
2021-06-13,11.988887989978718,
2021-06-14,11.988887989978718,
2021-06-15,11.988887989978718,
2021-06-16,11.988887989978718,
2021-06-17,11.988887989978718,
2021-06-18,13.06832887484456,
2021-06-19,13.06832887484456,
2021-06-20,13.06832887484456,
2021-06-21,13.06832887484456,
2021-06-22,13.06832887484456,
2021-06-23,13.06832887484456,
2021-06-24,13.06832887484456,
2021-06-25,13.06832887484456,
2021-06-26,13.06832887484456,
2021-06-27,13.06832887484456,
2021-06-28,13.06832887484456,
2021-06-29,13.06832887484456,
2021-06-30,13.06832887484456,
2021-07-01,13.06832887484456,
2021-07-02,13.06832887484456,
2021-07-03,13.06832887484456,
2021-07-04,13.06832887484456,
2021-07-05,13.06832887484456,
2021-07-06,13.06832887484456,
2021-07-07,13.06832887484456,
2021-07-08,13.06832887484456,
2021-07-09,13.06832887484456,
2021-07-10,13.06832887484456,
2021-07-11,13.06832887484456,
2021-07-12,13.06832887484456,
2021-07-13,13.06832887484456,
2021-07-14,13.06832887484456,
2021-07-15,13.06832887484456,
2021-07-16,13.06832887484456,
2021-07-17,13.06832887484456,
2021-07-18,13.06832887484456,
2021-07-19,13.06832887484456,
2021-07-20,13.06832887484456,
2021-07-21,13.06832887484456,
2021-07-22,13.06832887484456,
2021-07-23,13.06832887484456,
2021-07-24,13.06832887484456,
2021-07-25,13.06832887484456,
2021-07-26,13.06832887484456,
2021-07-27,13.06832887484456,
2021-07-28,13.06832887484456,
2021-07-29,13.06832887484456,
2021-07-30,13.06832887484456,
2021-07-31,13.06832887484456,
2021-08-01,13.06832887484456,
2021-08-02,13.06832887484456,
2021-08-03,13.06832887484456,
2021-08-04,13.06832887484456,
2021-08-05,13.06832887484456,
2021-08-06,11.023441333549693,
2021-08-07,11.023441333549693,
2021-08-08,11.023441333549693,
2021-08-09,11.023441333549693,
2021-08-10,11.023441333549693,
2021-08-11,11.023441333549693,
2021-08-12,11.023441333549693,
2021-08-13,11.023441333549693,
2021-08-14,11.023441333549693,
2021-08-15,11.023441333549693,
2021-08-16,11.023441333549693,
2021-08-17,11.023441333549693,
2021-08-18,11.023441333549693,
2021-08-19,11.661533927001273,
2021-08-20,11.661533927001273,
2021-08-21,11.661533927001273,
2021-08-22,11.661533927001273,
2021-08-23,11.661533927001273,
2021-08-24,11.661533927001273,
2021-08-25,11.661533927001273,
2021-08-26,11.661533927001273,
2021-08-27,11.661533927001273,
2021-08-28,11.661533927001273,
2021-08-29,11.661533927001273,
2021-08-30,11.661533927001273,
2021-08-31,11.661533927001273,
2021-09-01,11.661533927001273,
2021-09-02,11.661533927001273,
2021-09-03,11.661533927001273,
2021-09-04,11.661533927001273,
2021-09-05,11.661533927001273,
2021-09-06,11.661533927001273,
2021-09-07,13.723024840438217,
2021-09-08,13.723024840438217,
2021-09-09,13.723024840438217,
2021-09-10,13.723024840438217,
2021-09-11,13.723024840438217,
2021-09-12,13.723024840438217,
2021-09-13,13.723024840438217,
2021-09-14,13.723024840438217,
2021-09-15,13.723024840438217,
2021-09-16,13.723024840438217,
2021-09-17,13.723024840438217,
2021-09-18,13.723024840438217,
2021-09-19,13.723024840438217,
2021-09-20,13.723024840438217,
2021-09-21,13.723024840438217,
2021-09-22,13.723024840438217,
2021-09-23,13.723024840438217,
2021-09-24,13.723024840438217,
2021-09-25,13.723024840438217,
2021-09-26,13.723024840438217,
2021-09-27,13.723024840438217,
2021-09-28,13.723024840438217,
2021-09-29,13.723024840438217,
2021-09-30,13.723024840438217,
2021-10-01,13.723024840438217,
2021-10-02,13.723024840438217,
2021-10-03,13.723024840438217,
2021-10-04,13.723024840438217,
2021-10-05,13.723024840438217,
2021-10-06,13.723024840438217,
2021-10-07,13.723024840438217,
2021-10-08,13.723024840438217,
2021-10-09,13.723024840438217,
2021-10-10,13.723024840438217,
2021-10-11,13.723024840438217,
2021-10-12,13.723024840438217,
2021-10-13,13.723024840438217,
2021-10-14,13.723024840438217,
2021-10-15,13.723024840438217,
2021-10-16,13.723024840438217,
2021-10-17,13.723024840438217,
2021-10-18,13.723024840438217,
2021-10-19,11.646994069072294,
2021-10-20,11.646994069072294,
2021-10-21,11.646994069072294,
2021-10-22,11.646994069072294,
2021-10-23,11.646994069072294,
2021-10-24,11.646994069072294,
2021-10-25,12.345495389655186,
2021-10-26,12.345495389655186,
2021-10-27,12.345495389655186,
2021-10-28,12.345495389655186,
2021-10-29,12.345495389655186,
2021-10-30,12.345495389655186,
2021-10-31,12.345495389655186,
2021-11-01,12.345495389655186,
2021-11-02,12.345495389655186,
2021-11-03,12.345495389655186,
2021-11-04,12.345495389655186,
2021-11-05,12.345495389655186,
2021-11-06,12.345495389655186,
2021-11-07,12.345495389655186,
2021-11-08,12.345495389655186,
2021-11-09,12.345495389655186,
2021-11-10,12.345495389655186,
2021-11-11,12.345495389655186,
2021-11-12,12.345495389655186,
2021-11-13,12.345495389655186,
2021-11-14,13.10496268589507,
2021-11-15,13.10496268589507,
2021-11-16,14.406146537902888,
2021-11-17,14.406146537902888,
2021-11-18,14.406146537902888,
2021-11-19,14.406146537902888,
2021-11-20,14.406146537902888,
2021-11-21,14.406146537902888,
2021-11-22,14.406146537902888,
2021-11-23,14.406146537902888,
2021-11-24,14.406146537902888,
2021-11-25,14.406146537902888,
2021-11-26,14.406146537902888,
2021-11-27,14.406146537902888,
2021-11-28,14.406146537902888,
2021-11-29,14.406146537902888,
2021-11-30,14.406146537902888,
2021-12-01,14.406146537902888,
2021-12-02,14.406146537902888,
2021-12-03,15.49078549073762,
2021-12-04,16.65642082118241,
2021-12-05,16.65642082118241,
2021-12-06,16.65642082118241,
2021-12-07,16.65642082118241,
2021-12-08,16.65642082118241,
2021-12-09,16.65642082118241,
2021-12-10,16.65642082118241,
2021-12-11,16.65642082118241,
2021-12-12,16.65642082118241,
2021-12-13,16.65642082118241,
2021-12-14,16.65642082118241,
2021-12-15,16.65642082118241,
2021-12-16,16.65642082118241,
2021-12-17,17.620263083041813,
2021-12-18,17.620263083041813,
2021-12-19,17.620263083041813,
2021-12-20,17.620263083041813,
2021-12-21,17.620263083041813,
2021-12-22,17.620263083041813,
2021-12-23,17.620263083041813,
2021-12-24,17.620263083041813,
2021-12-25,17.620263083041813,
2021-12-26,17.620263083041813,
2021-12-27,17.620263083041813,
2021-12-28,17.620263083041813,
2021-12-29,18.650746993647527,
2021-12-30,18.650746993647527,
2021-12-31,18.650746993647527,
2022-01-01,18.650746993647527,
2022-01-02,18.650746993647527,
2022-01-03,18.650746993647527,
2022-01-04,18.650746993647527,
2022-01-05,18.650746993647527,
2022-01-06,18.650746993647527,
2022-01-07,18.650746993647527,
2022-01-08,18.650746993647527,
2022-01-09,18.650746993647527,
2022-01-10,18.650746993647527,
2022-01-11,18.650746993647527,
2022-01-12,18.650746993647527,
2022-01-13,18.650746993647527,
2022-01-14,18.650746993647527,
2022-01-15,18.650746993647527,
2022-01-16,18.650746993647527,
2022-01-17,18.650746993647527,
2022-01-18,18.650746993647527,
2022-01-19,18.650746993647527,
2022-01-20,18.650746993647527,
2022-01-21,18.650746993647527,
2022-01-22,18.650746993647527,
2022-01-23,18.650746993647527,
2022-01-24,18.650746993647527,
2022-01-25,18.650746993647527,
2022-01-26,18.650746993647527,
2022-01-27,18.650746993647527,
2022-01-28,18.650746993647527,
2022-01-29,18.650746993647527,
2022-01-30,18.650746993647527,
2022-01-31,18.650746993647527,
2022-02-01,18.650746993647527,
2022-02-02,18.650746993647527,
2022-02-03,18.650746993647527,
2022-02-04,18.650746993647527,
2022-02-05,18.650746993647527,
2022-02-06,18.650746993647527,
2022-02-07,18.650746993647527,
2022-02-08,18.650746993647527,
2022-02-09,18.650746993647527,
2022-02-10,18.650746993647527,
2022-02-11,18.650746993647527,
2022-02-12,18.650746993647527,
2022-02-13,18.650746993647527,
2022-02-14,18.650746993647527,
2022-02-15,18.650746993647527,
2022-02-16,18.650746993647527,
2022-02-17,18.650746993647527,
2022-02-18,19.73851440325404,
2022-02-19,19.73851440325404,
2022-02-20,19.73851440325404,
2022-02-21,19.73851440325404,
2022-02-22,19.73851440325404,
2022-02-23,19.73851440325404,
2022-02-24,19.73851440325404,
2022-02-25,19.73851440325404,
2022-02-26,19.73851440325404,
2022-02-27,19.73851440325404,
2022-02-28,19.73851440325404,
2022-03-01,19.73851440325404,
2022-03-02,19.73851440325404,
2022-03-03,19.73851440325404,
2022-03-04,21.65712394321888,
2022-03-05,21.65712394321888,
2022-03-06,21.65712394321888,
2022-03-07,21.65712394321888,
2022-03-08,21.65712394321888,
2022-03-09,21.65712394321888,
2022-03-10,21.65712394321888,
2022-03-11,23.35109454645327,
2022-03-12,23.35109454645327,
2022-03-13,23.35109454645327,
2022-03-14,23.35109454645327,
2022-03-15,23.35109454645327,
2022-03-16,23.35109454645327,
2022-03-17,23.35109454645327,
2022-03-18,23.35109454645327,
2022-03-19,23.35109454645327,
2022-03-20,23.35109454645327,
2022-03-21,23.35109454645327,
2022-03-22,23.35109454645327,
2022-03-23,23.35109454645327,
2022-03-24,23.35109454645327,
2022-03-25,23.35109454645327,
2022-03-26,23.35109454645327,
2022-03-27,23.35109454645327,
2022-03-28,23.35109454645327,
2022-03-29,23.35109454645327,
2022-03-30,23.35109454645327,
2022-03-31,23.35109454645327,
2022-04-01,23.35109454645327,
2022-04-02,23.35109454645327,
2022-04-03,23.35109454645327,
2022-04-04,23.35109454645327,
2022-04-05,23.35109454645327,
2022-04-06,24.730183805823863,
2022-04-07,24.730183805823863,
2022-04-08,24.730183805823863,
2022-04-09,24.730183805823863,
2022-04-10,24.730183805823863,
2022-04-11,24.730183805823863,
2022-04-12,24.730183805823863,
2022-04-13,24.730183805823863,
2022-04-14,24.730183805823863,
2022-04-15,24.730183805823863,
2022-04-16,24.730183805823863,
2022-04-17,24.730183805823863,
2022-04-18,24.730183805823863,
2022-04-19,24.730183805823863,
2022-04-20,24.730183805823863,
2022-04-21,24.730183805823863,
2022-04-22,24.730183805823863,
2022-04-23,24.730183805823863,
2022-04-24,24.730183805823863,
2022-04-25,24.730183805823863,
2022-04-26,24.730183805823863,
2022-04-27,24.730183805823863,
2022-04-28,24.730183805823863,
2022-04-29,24.730183805823863,
2022-04-30,24.730183805823863,
2022-05-01,25.208016057988115,
2022-05-02,25.208016057988115,
2022-05-03,25.208016057988115,
2022-05-04,25.208016057988115,
2022-05-05,25.208016057988115,
2022-05-06,25.208016057988115,
2022-05-07,26.69950101683194,
2022-05-08,26.69950101683194,
2022-05-09,30.528790922591334,
2022-05-10,30.528790922591334,
2022-05-11,30.528790922591334,
2022-05-12,30.528790922591334,
2022-05-13,30.528790922591334,
2022-05-14,30.528790922591334,
2022-05-15,30.528790922591334,
2022-05-16,30.528790922591334,
2022-05-17,30.528790922591334,
2022-05-18,30.528790922591334,
2022-05-19,30.528790922591334,
2022-05-20,30.528790922591334,
2022-05-21,30.528790922591334,
2022-05-22,30.528790922591334,
2022-05-23,30.528790922591334,
2022-05-24,30.528790922591334,
2022-05-25,30.528790922591334,
2022-05-26,30.528790922591334,
2022-05-27,30.528790922591334,
2022-05-28,30.528790922591334,
2022-05-29,30.528790922591334,
2022-05-30,30.528790922591334,
2022-05-31,30.528790922591334,
2022-06-01,30.528790922591334,
2022-06-02,30.528790922591334,
2022-06-03,30.528790922591334,
2022-06-04,30.528790922591334,
2022-06-05,30.528790922591334,
2022-06-06,30.528790922591334,
2022-06-07,30.528790922591334,
2022-06-08,30.528790922591334,
2022-06-09,30.528790922591334,
2022-06-10,30.528790922591334,
2022-06-11,30.528790922591334,
2022-06-12,30.528790922591334,
2022-06-13,30.528790922591334,
2022-06-14,30.528790922591334,
2022-06-15,30.528790922591334,
2022-06-16,30.528790922591334,
2022-06-17,30.528790922591334,
2022-06-18,30.528790922591334,
2022-06-19,30.528790922591334,
2022-06-20,30.528790922591334,
2022-06-21,30.528790922591334,
2022-06-22,30.528790922591334,
2022-06-23,30.528790922591334,
2022-06-24,30.528790922591334,
2022-06-25,30.528790922591334,
2022-06-26,30.528790922591334,
2022-06-27,30.528790922591334,
2022-06-28,30.528790922591334,
2022-06-29,30.528790922591334,
2022-06-30,30.528790922591334,
2022-07-01,30.528790922591334,
2022-07-02,30.528790922591334,
2022-07-03,30.528790922591334,
2022-07-04,30.528790922591334,
2022-07-05,30.528790922591334,
2022-07-06,30.528790922591334,
2022-07-07,30.528790922591334,
2022-07-08,30.528790922591334,
2022-07-09,30.528790922591334,
2022-07-10,30.528790922591334,
2022-07-11,30.528790922591334,
2022-07-12,30.528790922591334,
2022-07-13,30.528790922591334,
2022-07-14,30.528790922591334,
2022-07-15,30.528790922591334,
2022-07-16,30.528790922591334,
2022-07-17,30.528790922591334,
2022-07-18,30.528790922591334,
2022-07-19,30.528790922591334,
2022-07-20,30.528790922591334,
2022-07-21,30.528790922591334,
2022-07-22,30.528790922591334,
2022-07-23,30.528790922591334,
2022-07-24,30.528790922591334,
2022-07-25,32.291219981767334,
2022-07-26,32.291219981767334,
2022-07-27,32.291219981767334,
2022-07-28,32.291219981767334,
2022-07-29,32.291219981767334,
2022-07-30,32.291219981767334,
2022-07-31,32.291219981767334,
2022-08-01,32.291219981767334,
2022-08-02,32.291219981767334,
2022-08-03,32.291219981767334,
2022-08-04,32.291219981767334,
2022-08-05,32.291219981767334,
2022-08-06,32.291219981767334,
2022-08-07,32.291219981767334,
2022-08-08,32.291219981767334,
2022-08-09,32.291219981767334,
2022-08-10,32.291219981767334,
2022-08-11,32.291219981767334,
2022-08-12,32.291219981767334,
2022-08-13,32.291219981767334,
2022-08-14,32.291219981767334,
2022-08-15,32.291219981767334,
2022-08-16,32.291219981767334,
2022-08-17,32.291219981767334,
2022-08-18,32.291219981767334,
2022-08-19,32.411351379177106,
2022-08-20,32.411351379177106,
2022-08-21,32.411351379177106,
2022-08-22,32.411351379177106,
2022-08-23,32.411351379177106,
2022-08-24,32.411351379177106,
2022-08-25,32.411351379177106,
2022-08-26,32.411351379177106,
2022-08-27,32.411351379177106,
2022-08-28,32.411351379177106,
2022-08-29,32.411351379177106,
2022-08-30,32.411351379177106,
2022-08-31,32.411351379177106,
2022-09-01,32.411351379177106,
2022-09-02,32.411351379177106,
2022-09-03,32.411351379177106,
2022-09-04,32.411351379177106,
2022-09-05,32.411351379177106,
2022-09-06,32.411351379177106,
2022-09-07,32.411351379177106,
2022-09-08,32.411351379177106,
2022-09-09,32.411351379177106,
2022-09-10,32.411351379177106,
2022-09-11,32.411351379177106,
2022-09-12,32.411351379177106,
2022-09-13,34.85286113601036,
2022-09-14,34.85286113601036,
2022-09-15,34.85286113601036,
2022-09-16,34.85286113601036,
2022-09-17,34.85286113601036,
2022-09-18,34.85286113601036,
2022-09-19,34.85286113601036,
2022-09-20,34.85286113601036,
2022-09-21,34.85286113601036,
2022-09-22,34.85286113601036,
2022-09-23,34.85286113601036,
2022-09-24,34.85286113601036,
2022-09-25,34.85286113601036,
2022-09-26,34.85286113601036,
2022-09-27,34.85286113601036,
2022-09-28,34.85286113601036,
2022-09-29,34.85286113601036,
2022-09-30,34.85286113601036,
2022-10-01,34.85286113601036,
2022-10-02,34.85286113601036,
2022-10-03,34.85286113601036,
2022-10-04,34.85286113601036,
2022-10-05,34.85286113601036,
2022-10-06,34.85286113601036,
2022-10-07,34.85286113601036,
2022-10-08,34.85286113601036,
2022-10-09,34.85286113601036,
2022-10-10,34.85286113601036,
2022-10-11,34.85286113601036,
2022-10-12,34.85286113601036,
2022-10-13,34.85286113601036,
2022-10-14,34.85286113601036,
2022-10-15,34.85286113601036,
2022-10-16,34.85286113601036,
2022-10-17,34.85286113601036,
2022-10-18,34.85286113601036,
2022-10-19,34.85286113601036,
2022-10-20,34.85286113601036,
2022-10-21,34.85286113601036,
2022-10-22,34.85286113601036,
2022-10-23,34.85286113601036,
2022-10-24,34.85286113601036,
2022-10-25,34.85286113601036,
2022-10-26,34.85286113601036,
2022-10-27,34.85286113601036,
2022-10-28,34.85286113601036,
2022-10-29,34.85286113601036,
2022-10-30,34.85286113601036,
2022-10-31,34.85286113601036,
2022-11-01,34.85286113601036,
2022-11-02,34.85286113601036,
2022-11-03,34.85286113601036,
2022-11-04,34.85286113601036,
2022-11-05,34.85286113601036,
2022-11-06,34.85286113601036,
2022-11-07,34.85286113601036,
2022-11-08,41.7950115887168,
2022-11-09,44.93535257226107,
2022-11-10,48.36645371707948,
2022-11-11,48.36645371707948,
2022-11-12,48.36645371707948,
2022-11-13,48.36645371707948,
2022-11-14,48.36645371707948,
2022-11-15,48.36645371707948,
2022-11-16,48.36645371707948,
2022-11-17,48.36645371707948,
2022-11-18,48.36645371707948,
2022-11-19,48.36645371707948,
2022-11-20,48.36645371707948,
2022-11-21,48.36645371707948,
2022-11-22,48.36645371707948,
2022-11-23,48.36645371707948,
2022-11-24,48.36645371707948,
2022-11-25,48.36645371707948,
2022-11-26,48.36645371707948,
2022-11-27,48.36645371707948,
2022-11-28,48.36645371707948,
2022-11-29,48.36645371707948,
2022-11-30,48.36645371707948,
2022-12-01,51.08212338312678,
2022-12-02,51.08212338312678,
2022-12-03,51.08212338312678,
2022-12-04,51.08212338312678,
2022-12-05,51.08212338312678,
2022-12-06,51.08212338312678,
2022-12-07,51.08212338312678,
2022-12-08,51.08212338312678,
2022-12-09,51.08212338312678,
2022-12-10,51.08212338312678,
2022-12-11,51.08212338312678,
2022-12-12,51.08212338312678,
2022-12-13,51.08212338312678,
2022-12-14,51.08212338312678,
2022-12-15,51.08212338312678,
2022-12-16,51.08212338312678,
2022-12-17,51.08212338312678,
2022-12-18,51.08212338312678,
2022-12-19,51.08212338312678,
2022-12-20,51.08212338312678,
2022-12-21,51.08212338312678,
2022-12-22,51.08212338312678,
2022-12-23,51.08212338312678,
2022-12-24,51.08212338312678,
2022-12-25,51.08212338312678,
2022-12-26,51.08212338312678,
2022-12-27,51.08212338312678,
2022-12-28,51.08212338312678,
2022-12-29,51.08212338312678,
2022-12-30,51.08212338312678,
2022-12-31,51.08212338312678,
2023-01-01,51.08212338312678,
2023-01-02,51.08212338312678,
2023-01-03,51.08212338312678,
2023-01-04,51.08212338312678,
2023-01-05,51.08212338312678,
2023-01-06,51.08212338312678,
2023-01-07,51.08212338312678,
2023-01-08,51.08212338312678,
2023-01-09,51.08212338312678,
2023-01-10,51.08212338312678,
2023-01-11,51.08212338312678,
2023-01-12,55.37467806265606,
2023-01-13,55.37467806265606,
2023-01-14,62.54243904234096,
2023-01-15,62.54243904234096,
2023-01-16,62.54243904234096,
2023-01-17,62.54243904234096,
2023-01-18,62.54243904234096,
2023-01-19,62.54243904234096,
2023-01-20,65.96209095910324,
2023-01-21,65.96209095910324,
2023-01-22,65.96209095910324,
2023-01-23,65.96209095910324,
2023-01-24,65.96209095910324,
2023-01-25,65.96209095910324,
2023-01-26,66.94257631151741,
2023-01-27,66.94257631151741,
2023-01-28,66.94257631151741,
2023-01-29,66.94257631151741,
2023-01-30,66.94257631151741,
2023-01-31,66.94257631151741,
2023-02-01,66.94257631151741,
2023-02-02,66.94257631151741,
2023-02-03,66.94257631151741,
2023-02-04,66.94257631151741,
2023-02-05,66.94257631151741,
2023-02-06,66.94257631151741,
2023-02-07,66.94257631151741,
2023-02-08,66.94257631151741,
2023-02-09,66.94257631151741,
2023-02-10,66.94257631151741,
2023-02-11,66.94257631151741,
2023-02-12,66.94257631151741,
2023-02-13,66.94257631151741,
2023-02-14,66.94257631151741,
2023-02-15,70.64312255730934,
2023-02-16,70.64312255730934,
2023-02-17,70.64312255730934,
2023-02-18,70.64312255730934,
2023-02-19,70.64312255730934,
2023-02-20,70.64312255730934,
2023-02-21,70.64312255730934,
2023-02-22,70.64312255730934,
2023-02-23,70.64312255730934,
2023-02-24,70.64312255730934,
2023-02-25,70.64312255730934,
2023-02-26,70.64312255730934,
2023-02-27,70.64312255730934,
2023-02-28,70.64312255730934,
2023-03-01,70.64312255730934,
2023-03-02,70.64312255730934,
2023-03-03,70.64312255730934,
2023-03-04,70.64312255730934,
2023-03-05,70.64312255730934,
2023-03-06,70.64312255730934,
2023-03-07,70.64312255730934,
2023-03-08,70.64312255730934,
2023-03-09,70.64312255730934,
2023-03-10,70.64312255730934,
2023-03-11,70.64312255730934,
2023-03-12,70.64312255730934,
2023-03-13,78.85053501272714,
2023-03-14,78.85053501272714,
2023-03-15,78.85053501272714,
2023-03-16,78.85053501272714,
2023-03-17,87.56374885267304,
2023-03-18,87.56374885267304,
2023-03-19,87.56374885267304,
2023-03-20,87.56374885267304,
2023-03-21,87.56374885267304,
2023-03-22,87.56374885267304,
2023-03-23,87.56374885267304,
2023-03-24,87.56374885267304,
2023-03-25,87.56374885267304,
2023-03-26,87.56374885267304,
2023-03-27,87.56374885267304,
2023-03-28,87.56374885267304,
2023-03-29,87.56374885267304,
2023-03-30,92.46626727471659,
2023-03-31,92.46626727471659,
2023-04-01,92.46626727471659,
2023-04-02,92.46626727471659,
2023-04-03,92.46626727471659,
2023-04-04,92.46626727471659,
2023-04-05,92.46626727471659,
2023-04-06,92.46626727471659,
2023-04-07,92.46626727471659,
2023-04-08,92.46626727471659,
2023-04-09,92.46626727471659,
2023-04-10,92.46626727471659,
2023-04-11,92.46626727471659,
2023-04-12,92.46626727471659,
2023-04-13,92.46626727471659,
2023-04-14,92.46626727471659,
2023-04-15,92.46626727471659,
2023-04-16,92.46626727471659,
2023-04-17,92.46626727471659,
2023-04-18,92.46626727471659,
2023-04-19,92.46626727471659,
2023-04-20,92.46626727471659,
2023-04-21,92.46626727471659,
2023-04-22,92.46626727471659,
2023-04-23,92.46626727471659,
2023-04-24,92.46626727471659,
2023-04-25,92.46626727471659,
2023-04-26,92.46626727471659,
2023-04-27,92.46626727471659,
2023-04-28,92.46626727471659,
2023-04-29,92.46626727471659,
2023-04-30,92.46626727471659,
2023-05-01,92.46626727471659,
2023-05-02,92.46626727471659,
2023-05-03,92.46626727471659,
2023-05-04,92.46626727471659,
2023-05-05,92.46626727471659,
2023-05-06,92.46626727471659,
2023-05-07,92.46626727471659,
2023-05-08,92.46626727471659,
2023-05-09,92.46626727471659,
2023-05-10,92.46626727471659,
2023-05-11,92.46626727471659,
2023-05-12,92.46626727471659,
2023-05-13,92.46626727471659,
2023-05-14,92.46626727471659,
2023-05-15,92.46626727471659,
2023-05-16,92.46626727471659,
2023-05-17,92.46626727471659,
2023-05-18,92.46626727471659,
2023-05-19,92.46626727471659,
2023-05-20,92.46626727471659,
2023-05-21,92.46626727471659,
2023-05-22,92.46626727471659,
2023-05-23,92.46626727471659,
2023-05-24,92.46626727471659,
2023-05-25,92.46626727471659,
2023-05-26,92.46626727471659,
2023-05-27,92.46626727471659,
2023-05-28,92.46626727471659,
2023-05-29,92.46626727471659,
2023-05-30,97.55327661019928,
2023-05-31,97.55327661019928,
2023-06-01,97.55327661019928,
2023-06-02,97.55327661019928,
2023-06-03,97.55327661019928,
2023-06-04,97.55327661019928,
2023-06-05,97.55327661019928,
2023-06-06,97.55327661019928,
2023-06-07,97.55327661019928,
2023-06-08,97.55327661019928,
2023-06-09,97.55327661019928,
2023-06-10,97.55327661019928,
2023-06-11,97.55327661019928,
2023-06-12,97.55327661019928,
2023-06-13,97.55327661019928,
2023-06-14,97.55327661019928,
2023-06-15,97.55327661019928,
2023-06-16,97.55327661019928,
2023-06-17,97.55327661019928,
2023-06-18,97.55327661019928,
2023-06-19,97.55327661019928,
2023-06-20,102.8529706351922,
2023-06-21,110.5803961427915,
2023-06-22,110.5803961427915,
2023-06-23,110.5803961427915,
2023-06-24,110.5803961427915,
2023-06-25,110.5803961427915,
2023-06-26,110.5803961427915,
2023-06-27,110.5803961427915,
2023-06-28,110.5803961427915,
2023-06-29,110.5803961427915,
2023-06-30,110.5803961427915,
2023-07-01,110.5803961427915,
2023-07-02,110.5803961427915,
2023-07-03,110.5803961427915,
2023-07-04,110.5803961427915,
2023-07-05,110.5803961427915,
2023-07-06,110.5803961427915,
2023-07-07,110.5803961427915,
2023-07-08,110.5803961427915,
2023-07-09,110.5803961427915,
2023-07-10,110.5803961427915,
2023-07-11,110.5803961427915,
2023-07-12,110.5803961427915,
2023-07-13,110.5803961427915,
2023-07-14,110.5803961427915,
2023-07-15,110.5803961427915,
2023-07-16,110.5803961427915,
2023-07-17,110.5803961427915,
2023-07-18,110.5803961427915,
2023-07-19,110.5803961427915,
2023-07-20,110.5803961427915,
2023-07-21,110.5803961427915,
2023-07-22,110.5803961427915,
2023-07-23,110.5803961427915,
2023-07-24,110.5803961427915,
2023-07-25,110.5803961427915,
2023-07-26,110.5803961427915,
2023-07-27,110.5803961427915,
2023-07-28,110.5803961427915,
2023-07-29,110.5803961427915,
2023-07-30,110.5803961427915,
2023-07-31,110.5803961427915,
2023-08-01,110.5803961427915,
2023-08-02,110.5803961427915,
2023-08-03,110.5803961427915,
2023-08-04,110.5803961427915,
2023-08-05,110.5803961427915,
2023-08-06,110.5803961427915,
2023-08-07,110.5803961427915,
2023-08-08,110.5803961427915,
2023-08-09,110.5803961427915,
2023-08-10,110.5803961427915,
2023-08-11,110.5803961427915,
2023-08-12,110.5803961427915,
2023-08-13,110.5803961427915,
2023-08-14,110.5803961427915,
2023-08-15,110.5803961427915,
2023-08-16,110.5803961427915,
2023-08-17,110.5803961427915,
2023-08-18,110.5803961427915,
2023-08-19,110.5803961427915,
2023-08-20,110.5803961427915,
2023-08-21,110.5803961427915,
2023-08-22,110.5803961427915,
2023-08-23,110.5803961427915,
2023-08-24,110.5803961427915,
2023-08-25,110.5803961427915,
2023-08-26,110.5803961427915,
2023-08-27,110.5803961427915,
2023-08-28,110.5803961427915,
2023-08-29,116.77647840526076,
2023-08-30,116.77647840526076,
2023-08-31,116.77647840526076,
2023-09-01,116.77647840526076,
2023-09-02,116.77647840526076,
2023-09-03,116.77647840526076,
2023-09-04,116.77647840526076,
2023-09-05,116.77647840526076,
2023-09-06,116.77647840526076,
2023-09-07,116.77647840526076,
2023-09-08,116.77647840526076,
2023-09-09,116.77647840526076,
2023-09-10,116.77647840526076,
2023-09-11,116.77647840526076,
2023-09-12,116.77647840526076,
2023-09-13,116.77647840526076,
2023-09-14,116.77647840526076,
2023-09-15,116.77647840526076,
2023-09-16,116.77647840526076,
2023-09-17,116.77647840526076,
2023-09-18,116.77647840526076,
2023-09-19,116.77647840526076,
2023-09-20,116.77647840526076,
2023-09-21,116.77647840526076,
2023-09-22,116.77647840526076,
2023-09-23,116.77647840526076,
2023-09-24,116.77647840526076,
2023-09-25,116.77647840526076,
2023-09-26,116.77647840526076,
2023-09-27,116.77647840526076,
2023-09-28,116.77647840526076,
2023-09-29,116.77647840526076,
2023-09-30,116.77647840526076,
2023-10-01,116.63458198245662,
2023-10-02,116.63458198245662,
2023-10-03,116.63458198245662,
2023-10-04,116.63458198245662,
2023-10-05,116.63458198245662,
2023-10-06,116.63458198245662,
2023-10-07,116.63458198245662,
2023-10-08,116.63458198245662,
2023-10-09,116.63458198245662,
2023-10-10,116.63458198245662,
2023-10-11,116.63458198245662,
2023-10-12,116.63458198245662,
2023-10-13,116.63458198245662,
2023-10-14,116.63458198245662,
2023-10-15,116.63458198245662,
2023-10-16,123.09669195410885,
2023-10-17,123.09669195410885,
2023-10-18,123.09669195410885,
2023-10-19,123.09669195410885,
2023-10-20,123.09669195410885,
2023-10-21,123.09669195410885,
2023-10-22,123.09669195410885,
2023-10-23,123.09669195410885,
2023-10-24,123.09669195410885,
2023-10-25,123.09669195410885,
2023-10-26,123.09669195410885,
2023-10-27,123.09669195410885,
2023-10-28,123.09669195410885,
2023-10-29,123.09669195410885,
2023-10-30,123.09669195410885,
2023-10-31,123.09669195410885,
2023-11-01,123.09669195410885,
2023-11-02,123.09669195410885,
2023-11-03,123.09669195410885,
2023-11-04,123.09669195410885,
2023-11-05,123.09669195410885,
2023-11-06,123.09669195410885,
2023-11-07,123.09669195410885,
2023-11-08,123.09669195410885,
2023-11-09,123.09669195410885,
2023-11-10,123.09669195410885,
2023-11-11,123.09669195410885,
2023-11-12,123.09669195410885,
2023-11-13,123.09669195410885,
2023-11-14,123.09669195410885,
2023-11-15,123.09669195410885,
2023-11-16,123.09669195410885,
2023-11-17,123.09669195410885,
2023-11-18,123.09669195410885,
2023-11-19,123.09669195410885,
2023-11-20,123.09669195410885,
2023-11-21,123.09669195410885,
2023-11-22,123.09669195410885,
2023-11-23,123.09669195410885,
2023-11-24,123.09669195410885,
2023-11-25,123.09669195410885,
2023-11-26,123.09669195410885,
2023-11-27,123.09669195410885,
2023-11-28,123.09669195410885,
2023-11-29,123.09669195410885,
2023-11-30,123.09669195410885,
2023-12-01,123.09669195410885,
2023-12-02,123.09669195410885,
2023-12-03,129.84827396907767,
2023-12-04,129.84827396907767,
2023-12-05,129.84827396907767,
2023-12-06,129.84827396907767,
2023-12-07,129.84827396907767,
2023-12-08,129.84827396907767,
2023-12-09,129.84827396907767,
2023-12-10,129.84827396907767,
2023-12-11,129.84827396907767,
2023-12-12,129.84827396907767,
2023-12-13,129.84827396907767,
2023-12-14,129.84827396907767,
2023-12-15,129.84827396907767,
2023-12-16,129.84827396907767,
2023-12-17,129.84827396907767,
2023-12-18,129.84827396907767,
2023-12-19,129.84827396907767,
2023-12-20,129.84827396907767,
2023-12-21,129.84827396907767,
2023-12-22,129.84827396907767,
2023-12-23,129.84827396907767,
2023-12-24,129.84827396907767,
2023-12-25,129.84827396907767,
2023-12-26,129.84827396907767,
2023-12-27,129.84827396907767,
2023-12-28,129.84827396907767,
2023-12-29,129.84827396907767,
2023-12-30,129.84827396907767,
2023-12-31,129.84827396907767,
2024-01-01,129.84827396907767,
2024-01-02,129.84827396907767,
2024-01-03,129.84827396907767,
2024-01-04,129.84827396907767,
2024-01-05,129.84827396907767,
2024-01-06,129.84827396907767,
2024-01-07,129.84827396907767,
2024-01-08,129.84827396907767,
2024-01-09,129.84827396907767,
2024-01-10,129.84827396907767,
2024-01-11,129.84827396907767,
2024-01-12,129.84827396907767,
2024-01-13,129.84827396907767,
2024-01-14,129.84827396907767,
2024-01-15,129.84827396907767,
2024-01-16,129.84827396907767,
2024-01-17,129.84827396907767,
2024-01-18,129.84827396907767,
2024-01-19,129.84827396907767,
2024-01-20,129.84827396907767,
2024-01-21,129.84827396907767,
2024-01-22,129.84827396907767,
2024-01-23,129.84827396907767,
2024-01-24,129.84827396907767,
2024-01-25,129.84827396907767,
2024-01-26,129.84827396907767,
2024-01-27,129.84827396907767,
2024-01-28,129.84827396907767,
2024-01-29,129.84827396907767,
2024-01-30,129.84827396907767,
2024-01-31,129.84827396907767,
2024-02-01,129.84827396907767,
2024-02-02,129.84827396907767,
2024-02-03,129.84827396907767,
2024-02-04,129.84827396907767,
2024-02-05,129.84827396907767,
2024-02-06,129.84827396907767,
2024-02-07,129.84827396907767,
2024-02-08,129.84827396907767,
2024-02-09,129.84827396907767,
2024-02-10,129.84827396907767,
2024-02-11,129.84827396907767,
2024-02-12,129.84827396907767,
2024-02-13,129.84827396907767,
2024-02-14,129.84827396907767,
2024-02-15,129.84827396907767,
2024-02-16,129.84827396907767,
2024-02-17,129.84827396907767,
2024-02-18,129.84827396907767,
2024-02-19,129.84827396907767,
2024-02-20,129.84827396907767,
2024-02-21,129.84827396907767,
2024-02-22,129.84827396907767,
2024-02-23,129.84827396907767,
2024-02-24,129.84827396907767,
2024-02-25,129.84827396907767,
2024-02-26,129.84827396907767,
2024-02-27,129.84827396907767,
2024-02-28,129.84827396907767,
2024-02-29,129.84827396907767,
2024-03-01,129.84827396907767,
2024-03-02,129.84827396907767,
2024-03-03,129.84827396907767,
2024-03-04,129.84827396907767,
2024-03-05,129.84827396907767,
2024-03-06,129.84827396907767,
2024-03-07,129.84827396907767,
2024-03-08,129.84827396907767,
2024-03-09,129.84827396907767,
2024-03-10,129.84827396907767,
2024-03-11,129.84827396907767,
2024-03-12,129.84827396907767,
2024-03-13,129.84827396907767,
2024-03-14,129.84827396907767,
2024-03-15,129.84827396907767,
2024-03-16,129.84827396907767,
2024-03-17,129.84827396907767,
2024-03-18,129.84827396907767,
2024-03-19,129.84827396907767,
2024-03-20,129.84827396907767,
2024-03-21,129.84827396907767,
2024-03-22,129.84827396907767,
2024-03-23,129.84827396907767,
2024-03-24,129.84827396907767,
2024-03-25,129.84827396907767,
2024-03-26,129.84827396907767,
2024-03-27,129.84827396907767,
2024-03-28,129.84827396907767,
2024-03-29,129.84827396907767,
2024-03-30,129.84827396907767,
2024-03-31,129.84827396907767,
2024-04-01,129.84827396907767,
2024-04-02,129.84827396907767,
2024-04-03,129.84827396907767,
2024-04-04,129.84827396907767,
2024-04-05,129.84827396907767,
2024-04-06,129.84827396907767,
2024-04-07,129.84827396907767,
2024-04-08,129.84827396907767,
2024-04-09,129.84827396907767,
2024-04-10,129.84827396907767,
2024-04-11,129.84827396907767,
2024-04-12,129.84827396907767,
2024-04-13,129.84827396907767,
2024-04-14,129.84827396907767,
2024-04-15,129.84827396907767,
2024-04-16,129.84827396907767,
2024-04-17,129.84827396907767,
2024-04-18,129.84827396907767,
2024-04-19,129.84827396907767,
2024-04-20,129.84827396907767,
2024-04-21,129.84827396907767,
2024-04-22,129.84827396907767,
2024-04-23,129.84827396907767,
2024-04-24,129.84827396907767,
2024-04-25,129.84827396907767,
2024-04-26,129.84827396907767,
2024-04-27,129.84827396907767,
2024-04-28,129.84827396907767,
2024-04-29,129.84827396907767,
2024-04-30,129.84827396907767,
2024-05-01,129.84827396907767,
2024-05-02,129.84827396907767,
2024-05-03,129.84827396907767,
2024-05-04,129.84827396907767,
2024-05-05,129.84827396907767,
2024-05-06,129.84827396907767,
2024-05-07,129.84827396907767,
2024-05-08,129.84827396907767,
2024-05-09,129.84827396907767,
2024-05-10,129.84827396907767,
2024-05-11,129.84827396907767,
2024-05-12,129.84827396907767,
2024-05-13,129.84827396907767,
2024-05-14,129.84827396907767,
2024-05-15,129.84827396907767,
2024-05-16,129.84827396907767,
2024-05-17,140.4863806226083,
2024-05-18,140.4863806226083,
2024-05-19,140.4863806226083,
2024-05-20,140.4863806226083,
2024-05-21,140.4863806226083,
2024-05-22,140.4863806226083,
2024-05-23,140.4863806226083,
2024-05-24,140.4863806226083,
2024-05-25,140.4863806226083,
2024-05-26,140.4863806226083,
2024-05-27,140.4863806226083,
2024-05-28,140.4863806226083,
2024-05-29,140.4863806226083,
2024-05-30,140.4863806226083,
2024-05-31,140.4863806226083,
2024-06-01,140.4863806226083,
2024-06-02,140.4863806226083,
2024-06-03,140.4863806226083,
2024-06-04,140.4863806226083,
2024-06-05,140.4863806226083,
2024-06-06,140.4863806226083,
2024-06-07,140.4863806226083,
2024-06-08,140.4863806226083,
2024-06-09,140.4863806226083,
2024-06-10,140.4863806226083,
2024-06-11,140.4863806226083,
2024-06-12,140.4863806226083,
2024-06-13,140.4863806226083,
2024-06-14,140.4863806226083,
2024-06-15,140.4863806226083,
2024-06-16,140.4863806226083,
2024-06-17,140.4863806226083,
2024-06-18,140.4863806226083,
2024-06-19,140.4863806226083,
2024-06-20,140.4863806226083,
2024-06-21,140.4863806226083,
2024-06-22,140.4863806226083,
2024-06-23,140.4863806226083,
2024-06-24,140.4863806226083,
2024-06-25,140.4863806226083,
2024-06-26,140.4863806226083,
2024-06-27,140.4863806226083,
2024-06-28,140.4863806226083,
2024-06-29,140.4863806226083,
2024-06-30,140.4863806226083,
2024-07-01,140.4863806226083,
2024-07-02,140.4863806226083,
2024-07-03,140.4863806226083,
2024-07-04,140.4863806226083,
2024-07-05,140.4863806226083,
2024-07-06,140.4863806226083,
2024-07-07,140.4863806226083,
2024-07-08,140.4863806226083,
2024-07-09,140.4863806226083,
2024-07-10,140.4863806226083,
2024-07-11,140.4863806226083,
2024-07-12,140.4863806226083,
2024-07-13,140.4863806226083,
2024-07-14,148.13894312768798,
2024-07-15,148.13894312768798,
2024-07-16,148.13894312768798,
2024-07-17,148.13894312768798,
2024-07-18,148.13894312768798,
2024-07-19,148.13894312768798,
2024-07-20,148.13894312768798,
2024-07-21,148.13894312768798,
2024-07-22,148.13894312768798,
2024-07-23,148.13894312768798,
2024-07-24,148.13894312768798,
2024-07-25,148.13894312768798,
2024-07-26,148.13894312768798,
2024-07-27,148.13894312768798,
2024-07-28,148.13894312768798,
2024-07-29,148.13894312768798,
2024-07-30,148.13894312768798,
2024-07-31,148.13894312768798,
2024-08-01,148.13894312768798,
2024-08-02,148.13894312768798,
2024-08-03,148.13894312768798,
2024-08-04,148.13894312768798,
2024-08-05,148.13894312768798,
2024-08-06,148.13894312768798,
2024-08-07,148.13894312768798,
2024-08-08,148.13894312768798,
2024-08-09,148.13894312768798,
2024-08-10,148.13894312768798,
2024-08-11,148.13894312768798,
2024-08-12,148.13894312768798,
2024-08-13,148.13894312768798,
2024-08-14,148.13894312768798,
2024-08-15,148.13894312768798,
2024-08-16,148.13894312768798,
2024-08-17,148.13894312768798,
2024-08-18,148.13894312768798,
2024-08-19,148.13894312768798,
2024-08-20,148.13894312768798,
2024-08-21,148.13894312768798,
2024-08-22,148.13894312768798,
2024-08-23,161.35792709631383,
2024-08-24,161.35792709631383,
2024-08-25,161.35792709631383,
2024-08-26,161.35792709631383,
2024-08-27,161.35792709631383,
2024-08-28,161.35792709631383,
2024-08-29,161.35792709631383,
2024-08-30,161.35792709631383,
2024-08-31,161.35792709631383,
2024-09-01,161.35792709631383,
2024-09-02,161.35792709631383,
2024-09-03,161.35792709631383,
2024-09-04,161.35792709631383,
2024-09-05,161.35792709631383,
2024-09-06,161.35792709631383,
2024-09-07,161.35792709631383,
2024-09-08,161.35792709631383,
2024-09-09,161.35792709631383,
2024-09-10,161.35792709631383,
2024-09-11,161.35792709631383,
2024-09-12,161.35792709631383,
2024-09-13,170.5717030103719,
2024-09-14,170.5717030103719,
2024-09-15,170.5717030103719,
2024-09-16,170.5717030103719,
2024-09-17,170.5717030103719,
2024-09-18,170.5717030103719,
2024-09-19,170.5717030103719,
2024-09-20,170.5717030103719,
2024-09-21,170.5717030103719,
2024-09-22,170.5717030103719,
2024-09-23,170.5717030103719,
2024-09-24,170.5717030103719,
2024-09-25,170.5717030103719,
2024-09-26,170.5717030103719,
2024-09-27,170.5717030103719,
2024-09-28,170.5717030103719,
2024-09-29,170.5717030103719,
2024-09-30,170.5717030103719,
2024-10-01,170.5717030103719,
2024-10-02,170.5717030103719,
2024-10-03,170.5717030103719,
2024-10-04,170.5717030103719,
2024-10-05,170.5717030103719,
2024-10-06,170.5717030103719,
2024-10-07,170.5717030103719,
2024-10-08,170.5717030103719,
2024-10-09,170.5717030103719,
2024-10-10,170.5717030103719,
2024-10-11,170.5717030103719,
2024-10-12,170.5717030103719,
2024-10-13,170.5717030103719,
2024-10-14,170.5717030103719,
2024-10-15,170.5717030103719,
2024-10-16,170.5717030103719,
2024-10-17,170.5717030103719,
2024-10-18,170.5717030103719,
2024-10-19,170.5717030103719,
2024-10-20,170.5717030103719,
2024-10-21,170.5717030103719,
2024-10-22,170.5717030103719,
2024-10-23,170.5717030103719,
2024-10-24,170.5717030103719,
2024-10-25,170.5717030103719,
2024-10-26,170.5717030103719,
2024-10-27,170.5717030103719,
2024-10-28,170.5717030103719,
2024-10-29,170.5717030103719,
2024-10-30,170.5717030103719,
2024-10-31,170.5717030103719,
2024-11-01,170.5717030103719,
2024-11-02,170.5717030103719,
2024-11-03,170.5717030103719,
2024-11-04,170.5717030103719,
2024-11-05,170.5717030103719,
2024-11-06,170.5717030103719,
2024-11-07,170.5717030103719,
2024-11-08,170.5717030103719,
2024-11-09,170.5717030103719,
2024-11-10,170.5717030103719,
2024-11-11,170.5717030103719,
2024-11-12,170.5717030103719,
2024-11-13,170.5717030103719,
2024-11-14,170.5717030103719,
2024-11-15,170.5717030103719,
2024-11-16,170.5717030103719,
2024-11-17,170.5717030103719,
2024-11-18,170.5717030103719,
2024-11-19,170.5717030103719,
2024-11-20,170.5717030103719,
2024-11-21,170.5717030103719,
2024-11-22,170.5717030103719,
2024-11-23,170.5717030103719,
2024-11-24,170.5717030103719,
2024-11-25,170.5717030103719,
2024-11-26,170.5717030103719,
2024-11-27,170.5717030103719,
2024-11-28,170.5717030103719,
2024-11-29,170.5717030103719,
2024-11-30,170.5717030103719,
2024-12-01,170.5717030103719,
2024-12-02,170.5717030103719,
2024-12-03,170.5717030103719,
2024-12-04,170.5717030103719,
2024-12-05,170.5717030103719,
2024-12-06,170.5717030103719,
2024-12-07,170.5717030103719,
2024-12-08,170.5717030103719,
2024-12-09,170.5717030103719,
2024-12-10,170.5717030103719,
2024-12-11,170.5717030103719,
2024-12-12,170.5717030103719,
2024-12-13,170.5717030103719,
2024-12-14,170.5717030103719,
2024-12-15,170.5717030103719,
2024-12-16,170.5717030103719,
2024-12-17,170.5717030103719,
2024-12-18,170.5717030103719,
2024-12-19,170.5717030103719,
2024-12-20,170.5717030103719,
2024-12-21,170.5717030103719,
2024-12-22,170.5717030103719,
2024-12-23,170.5717030103719,
2024-12-24,170.5717030103719,
2024-12-25,170.5717030103719,
2024-12-26,170.5717030103719,
2024-12-27,170.5717030103719,
2024-12-28,170.5717030103719,
2024-12-29,170.5717030103719,
2024-12-30,170.5717030103719,
2024-12-31,170.5717030103719,
2025-01-01,170.5717030103719,
2025-01-02,170.5717030103719,
2025-01-03,170.5717030103719,
2025-01-04,170.5717030103719,
2025-01-05,170.5717030103719,
2025-01-06,170.5717030103719,
2025-01-07,170.5717030103719,
2025-01-08,170.5717030103719,
2025-01-09,170.5717030103719,
2025-01-10,170.5717030103719,
2025-01-11,170.5717030103719,
2025-01-12,170.5717030103719,
2025-01-13,170.5717030103719,
2025-01-14,170.5717030103719,
2025-01-15,170.5717030103719,
2025-01-16,170.5717030103719,
2025-01-17,170.5717030103719,
2025-01-18,170.5717030103719,
2025-01-19,170.5717030103719,
2025-01-20,170.5717030103719,
2025-01-21,170.5717030103719,
2025-01-22,170.5717030103719,
2025-01-23,170.5717030103719,
2025-01-24,170.5717030103719,
2025-01-25,170.5717030103719,
2025-01-26,170.5717030103719,
2025-01-27,170.5717030103719,
2025-01-28,170.5717030103719,
2025-01-29,170.5717030103719,
2025-01-30,170.5717030103719,
2025-01-31,170.5717030103719,
2025-02-01,170.5717030103719,
2025-02-02,170.5717030103719,
2025-02-03,170.5717030103719,
2025-02-04,170.5717030103719,
2025-02-05,170.5717030103719,
2025-02-06,170.5717030103719,
2025-02-07,170.5717030103719,
2025-02-08,170.5717030103719,
2025-02-09,170.5717030103719,
2025-02-10,170.5717030103719,
2025-02-11,170.5717030103719,
2025-02-12,170.5717030103719,
2025-02-13,170.5717030103719,
2025-02-14,170.5717030103719,
2025-02-15,170.5717030103719,
2025-02-16,170.5717030103719,
2025-02-17,170.5717030103719,
2025-02-18,170.5717030103719,
2025-02-19,170.5717030103719,
2025-02-20,170.5717030103719,
2025-02-21,170.5717030103719,
2025-02-22,170.5717030103719,
2025-02-23,170.5717030103719,
2025-02-24,170.5717030103719,
2025-02-25,170.5717030103719,
2025-02-26,170.5717030103719,
2025-02-27,170.5717030103719,
2025-02-28,170.5717030103719,
2025-03-01,170.5717030103719,
2025-03-02,170.5717030103719,
2025-03-03,175.30981323498224,
2025-03-04,175.30981323498224,
2025-03-05,175.30981323498224,
2025-03-06,175.30981323498224,
2025-03-07,175.30981323498224,
2025-03-08,175.30981323498224,
2025-03-09,175.30981323498224,
2025-03-10,175.30981323498224,
2025-03-11,175.30981323498224,
2025-03-12,175.30981323498224,
2025-03-13,175.30981323498224,
2025-03-14,175.30981323498224,
2025-03-15,175.30981323498224,
2025-03-16,175.30981323498224,
2025-03-17,175.30981323498224,
2025-03-18,175.30981323498224,
2025-03-19,175.30981323498224,
2025-03-20,175.30981323498224,
2025-03-21,175.30981323498224,
2025-03-22,175.30981323498224,
2025-03-23,175.30981323498224,
2025-03-24,175.05127388487713,
2025-03-25,175.05127388487713,
2025-03-26,175.05127388487713,
2025-03-27,175.05127388487713,
2025-03-28,175.05127388487713,
2025-03-29,175.05127388487713,
2025-03-30,175.05127388487713,
2025-03-31,175.05127388487713,
2025-04-01,175.05127388487713,
2025-04-02,175.05127388487713,
2025-04-03,175.05127388487713,
2025-04-04,175.05127388487713,
2025-04-05,175.05127388487713,
2025-04-06,175.05127388487713,
2025-04-07,175.05127388487713,
2025-04-08,175.05127388487713,
2025-04-09,175.05127388487713,
2025-04-10,175.05127388487713,
2025-04-11,175.05127388487713,
2025-04-12,184.8202354149317,
