time_stamp,0
1511913600.0,1.0
1512000000.0,0.9970654550872512
1512086400.0,1.0102275256221285
1512172800.0,1.1012295283238587
1512259200.0,1.097970576787233
1512345600.0,1.1219617864273195
1512432000.0,1.1188403049512599
1512518400.0,1.1140567638665142
1512604800.0,1.1108312038374932
1512691200.0,1.3522962386124138
1512777600.0,1.3522962386124138
1512864000.0,1.3522962386124138
1512950400.0,1.3522962386124138
1513036800.0,1.3522962386124138
1513209600.0,1.3522962386124138
1513296000.0,1.3522962386124138
1513382400.0,1.3522962386124138
1513468800.0,1.3522962386124138
1513555200.0,1.3522962386124138
1513641600.0,1.3522962386124138
1513728000.0,1.3522962386124138
1513814400.0,1.3522962386124138
1513900800.0,1.3522962386124138
1513987200.0,1.3522962386124138
1514073600.0,1.3485325505605121
1514160000.0,1.2968527778871326
1514246400.0,1.2968527778871326
1514332800.0,1.2968527778871326
1514419200.0,1.2968527778871326
1514505600.0,1.2968527778871326
1514592000.0,1.2968527778871326
1514678400.0,1.2968527778871326
1514764800.0,1.293169013172424
1514851200.0,1.2534061661508467
1514937600.0,1.2499120987865409
1515024000.0,1.2795679972808585
1515110400.0,1.2795679972808585
1515196800.0,1.2795679972808585
1515283200.0,1.2795679972808585
1515369600.0,1.2795679972808585
1515456000.0,1.2795679972808585
1515542400.0,1.2795679972808585
1515628800.0,1.2795679972808585
1515715200.0,1.2795679972808585
1515801600.0,1.2758880334819696
1515888000.0,1.3055772274455117
1515974400.0,1.3055772274455117
1516060800.0,1.3055772274455117
1516147200.0,1.3055772274455117
1516233600.0,1.3019599198501006
1516320000.0,1.2849995607896088
1516406400.0,1.281274394230058
1516492800.0,1.4118267537820257
1516579200.0,1.4080938077274996
1516665600.0,1.324522100756794
1516752000.0,1.324522100756794
1516838400.0,1.324522100756794
1516924800.0,1.324522100756794
1517011200.0,1.324522100756794
1517097600.0,1.324522100756794
1517184000.0,1.324522100756794
1517270400.0,1.324522100756794
1517356800.0,1.319326674689845
1517443200.0,1.436119519195595
1517529600.0,1.4898913010369408
1517616000.0,1.4512275260420633
1517702400.0,1.5665127504961869
1517788800.0,1.7398572501030327
1517875200.0,1.6291881685147342
1517961600.0,1.6291881685147342
1518048000.0,1.6291881685147342
1518134400.0,1.6291881685147342
1518220800.0,1.6291881685147342
1518307200.0,1.6291881685147342
1518393600.0,1.6291881685147342
1518480000.0,1.6291881685147342
1518566400.0,1.6291881685147342
1518652800.0,1.6224462711404042
1518739200.0,1.616134794836124
1518825600.0,1.4751231268799674
1518912000.0,1.567220853477952
1518998400.0,1.4510398620346874
1519084800.0,1.4490467642543885
1519171200.0,1.5651447099568074
1519257600.0,1.6692010232365864
1519344000.0,1.6094911355684611
1519430400.0,1.6970545647162658
1519516800.0,1.7205814230978789
1519603200.0,1.5940446277711438
1519689600.0,1.53292296250864
1519776000.0,1.595041176661293
1519862400.0,1.4883273996744488
1519948800.0,1.47429266947151
1520035200.0,1.4008802345638287
1520121600.0,1.3890877393637262
1520208000.0,1.3875098702876563
1520294400.0,1.5303485445424208
1520380800.0,1.6635456082849889
1520467200.0,1.7514910478406838
1520553600.0,1.759770708203009
1520640000.0,1.84197768706626
1520726400.0,1.7297247591650013
1520812800.0,1.793694893338516
1520899200.0,1.785041527142385
1520985600.0,1.9470637675325273
1521072000.0,1.9273345514476004
1521158400.0,1.9273345514476004
1521244800.0,1.9273345514476004
1521331200.0,1.9273345514476004
1521417600.0,1.9273345514476004
1521504000.0,1.9273345514476004
1521590400.0,1.9273345514476004
1521676800.0,1.9273345514476004
1521763200.0,1.9273345514476004
1521849600.0,1.9273345514476004
1521936000.0,1.9273345514476004
1522022400.0,1.9273345514476004
1522108800.0,1.9273345514476004
1522195200.0,1.9273345514476004
1522281600.0,1.9273345514476004
1522368000.0,1.9273345514476004
1522454400.0,1.9273345514476004
1522540800.0,1.9273345514476004
1522627200.0,1.9273345514476004
1522713600.0,1.9273345514476004
1522800000.0,1.9273345514476004
1522886400.0,1.9273345514476004
1522972800.0,1.9273345514476004
1523059200.0,1.9273345514476004
1523145600.0,1.9273345514476004
1523232000.0,1.9273345514476004
1523318400.0,1.9273345514476004
1523404800.0,1.9273345514476004
1523491200.0,1.9273345514476004
1523577600.0,1.9273345514476004
1523664000.0,1.9273345514476004
1523750400.0,1.9273345514476004
1523836800.0,1.9273345514476004
1523923200.0,1.9273345514476004
1524009600.0,1.9273345514476004
1524096000.0,1.9273345514476004
1524182400.0,1.9273345514476004
1524268800.0,1.9273345514476004
1524355200.0,1.9273345514476004
1524441600.0,1.9273345514476004
1524528000.0,1.9273345514476004
1524614400.0,1.9202823462101672
1524700800.0,1.891995485023683
1524787200.0,1.9130643195625816
1524873600.0,1.8597289550909626
1524960000.0,1.8442297059787822
1525046400.0,1.8899958965605006
1525132800.0,1.9130643195625816
1525219200.0,1.8771497599458111
1525305600.0,1.7938595848867118
1525392000.0,1.7793942693213478
1525478400.0,1.7581108448010347
1525564800.0,1.7991170394313725
1525651200.0,1.8682540298071653
1525737600.0,1.8792956597599584
1525824000.0,1.860275184134564
1525910400.0,1.9050074411694662
1525996800.0,2.0375265087831123
1526083200.0,2.028728319545109
1526169600.0,1.979450656540241
1526256000.0,1.9875465512936137
1526342400.0,2.0357707725715373
1526428800.0,2.063218782012491
1526515200.0,2.10463464842553
1526601600.0,2.0741350225949735
1526688000.0,2.0741350225949735
1526774400.0,2.0741350225949735
1526860800.0,2.0741350225949735
1526947200.0,2.0741350225949735
1527033600.0,2.0741350225949735
1527120000.0,2.0741350225949735
1527206400.0,2.0741350225949735
1527292800.0,2.0741350225949735
1527379200.0,2.0741350225949735
1527465600.0,2.0741350225949735
1527552000.0,2.0741350225949735
1527638400.0,2.0741350225949735
1527724800.0,2.0741350225949735
1527811200.0,2.0741350225949735
1527897600.0,2.0741350225949735
1527984000.0,2.0741350225949735
1528070400.0,2.0741350225949735
1528156800.0,2.0658107168164372
1528243200.0,2.0568413342863545
1528329600.0,2.057850049038978
1528416000.0,2.058313512573967
1528502400.0,2.0759251269035515
1528588800.0,2.3174168911937434
1528675200.0,2.298005947845965
1528761600.0,2.3640903954232315
1528848000.0,2.4190789807216415
1528934400.0,2.3407563903194113
1529020800.0,2.3407563903194113
1529107200.0,2.3407563903194113
1529193600.0,2.3407563903194113
1529280000.0,2.3407563903194113
1529366400.0,2.3407563903194113
1529452800.0,2.3407563903194113
1529539200.0,2.3407563903194113
1529625600.0,2.3407563903194113
1529712000.0,2.3407563903194113
1529798400.0,2.3407563903194113
1529884800.0,2.3407563903194113
1529971200.0,2.3407563903194113
1530057600.0,2.3407563903194113
1530144000.0,2.3317624430293398
1530230400.0,2.2074928833794
1530316800.0,2.2074928833794
1530403200.0,2.2074928833794
1530489600.0,2.2074928833794
1530576000.0,2.2074928833794
1530662400.0,2.2074928833794
1530748800.0,2.2074928833794
1530835200.0,2.2074928833794
1530921600.0,2.2074928833794
1531008000.0,2.2074928833794
1531094400.0,2.2074928833794
1531180800.0,2.199324262408437
1531267200.0,2.1971796943706754
1531353600.0,2.269198770265643
1531440000.0,2.251914192050851
1531526400.0,2.234629613836059
1531612800.0,2.2022210296833236
1531699200.0,2.1046111754870114
1531785600.0,1.9044621614553523
1531872000.0,1.8825363539051068
1531958400.0,1.8394529422808286
1532044800.0,1.8839447269448306
1532131200.0,1.8641634874323465
1532217600.0,1.8627551143926229
1532304000.0,1.7607120859689973
1532390400.0,1.5770474381977422
1532476800.0,1.5879623292556015
1532563200.0,1.6953827820127176
1532649600.0,1.6000295255277805
1532736000.0,1.6150735102702847
1532822400.0,1.6161617985282533
1532908800.0,1.6178902563497324
1532995200.0,1.7677219426894408
1533081600.0,1.8125338121351986
1533168000.0,1.8217522538497541
1533254400.0,1.8576977748408865
1533340800.0,1.9965505531663843
1533427200.0,1.9881003149280414
1533513600.0,2.040434176745051
1533600000.0,2.0777240538195563
1533686400.0,2.228211913961863
1533772800.0,2.1191646913661963
1533859200.0,2.1191646913661963
1533945600.0,2.1191646913661963
1534118400.0,2.1191646913661963
1534204800.0,2.1191646913661963
1534291200.0,2.1191646913661963
1534377600.0,2.1191646913661963
1534464000.0,2.1191646913661963
1534550400.0,2.1191646913661963
1534636800.0,2.1191646913661963
1534723200.0,2.1191646913661963
1534809600.0,2.1191646913661963
1534896000.0,2.1191646913661963
1534982400.0,2.1191646913661963
1535068800.0,2.1191646913661963
1535155200.0,2.1191646913661963
1535241600.0,2.1191646913661963
1535328000.0,2.1191646913661963
1535414400.0,2.1191646913661963
1535500800.0,2.1109591586549867
1535587200.0,2.146184554802283
1535673600.0,2.118683771495202
1535760000.0,2.064350122532636
1535846400.0,2.040392206768811
1535932800.0,2.0414086031951553
1536019200.0,2.0213420337493333
1536105600.0,2.153299329786692
1536192000.0,2.2839062705719075
1536278400.0,2.2966838256459474
1536364800.0,2.365406744015756
1536451200.0,2.3422619453930063
1536537600.0,2.3339855744927758
1536624000.0,2.3273354378746958
1536710400.0,2.3217597774787513
1536796800.0,2.2748022625816544
1536883200.0,2.260834071693897
1536969600.0,2.263970380666616
1537056000.0,2.272827549524757
1537142400.0,2.3416521075372
1537228800.0,2.3139480449448495
1537315200.0,2.3051199159846036
1537401600.0,2.272827549524757
1537488000.0,2.2022896375364773
1537574400.0,2.2101449299172224
1537660800.0,2.2114662452714695
1537747200.0,2.2407675022480746
1537833600.0,2.296756425390686
1537920000.0,2.2818008779744803
1538006400.0,2.2195683767843266
1538092800.0,2.2311843359425447
1538265600.0,2.2370213554195493
1538352000.0,2.2451234869324064
1538438400.0,2.2509895463073066
1538524800.0,2.2780837710438506
1538611200.0,2.2432649334670915
1538697600.0,2.2349595226689654
1538784000.0,2.2450363672387192
1538870400.0,2.2463431626440187
1538956800.0,2.2218334888201783
1539043200.0,2.22247236657388
1539129600.0,2.23818295133537
1539216000.0,2.3338403750032968
1539302400.0,2.328787432769472
1539388800.0,2.3220501764577057
1539475200.0,2.3094759006689345
1539561600.0,2.2046128293681195
1539648000.0,2.208068577217689
1539734400.0,2.201040921926967
1539820800.0,2.242901934743396
1539993600.0,2.245501005605047
1540080000.0,2.2416386991849397
1540166400.0,2.251250905388365
1540339200.0,2.2515122644694245
1540425600.0,2.2568556056822047
1540512000.0,2.260979271183372
1540598400.0,2.2738439459510986
1540771200.0,2.3185944286081344
1540857600.0,2.320220662890285
1540944000.0,2.3075883073057226
1541030400.0,2.3014608888497627
1541116800.0,2.2916163634631728
1541203200.0,2.3050908760867057
1541289600.0,2.279564805836521
1541376000.0,2.2812781598123584
1541462400.0,2.2704172379994247
1541548800.0,2.250292588757812
1541635200.0,2.2763123372722203
1541721600.0,2.2944622734569355
1541808000.0,2.2912969245863213
1541894400.0,2.2869699797998853
1541980800.0,2.287376538370423
1542153600.0,2.454181711882436
1542240000.0,2.4929790154708846
1542326400.0,2.517982367558949
1542412800.0,2.525503701113895
1542499200.0,2.516675572153649
1542585600.0,2.708401145689731
1542672000.0,2.708401145689731
1542758400.0,2.708401145689731
1542844800.0,2.708401145689731
1542931200.0,2.708401145689731
1543017600.0,2.698724639531987
1543104000.0,2.607254556043805
1543276800.0,2.752254734995444
1543363200.0,2.481742011390581
1543449600.0,2.496114141685661
1543536000.0,2.657465663790813
1543622400.0,2.523275031989076
1543708800.0,2.5928215268915418
1543795200.0,2.7402881095590734
1543881600.0,2.694339921814844
1543968000.0,2.816685725894576
1544054400.0,2.964060960276334
1544140800.0,3.0154900451669926
1544227200.0,2.9618686014177618
1544313600.0,2.8872066025119625
1544400000.0,2.963695567133238
1544486400.0,3.0239245368867746
1544572800.0,2.9674103974213737
1544659200.0,3.0755058689203905
1544745600.0,3.120814618664203
1544832000.0,3.110949003800631
1544918400.0,3.1028494557953525
1545004800.0,2.904319181380257
1545091200.0,2.8196088710393377
1545177600.0,2.791534497878185
1545264000.0,2.5539376065804875
1545350400.0,2.6930610458140105
1545436800.0,2.604575006327773
1545523200.0,2.6312487057737277
1545609600.0,2.5919689428909867
1545696000.0,2.7440333892758
1545782400.0,2.722109800690084
1545868800.0,2.849449311058785
1545955200.0,2.66194172979373
1546041600.0,2.743637546704113
1546128000.0,2.6926347538137323
1546214400.0,2.784409331587827
1546300800.0,2.7038401435353205
1546387200.0,2.6408707252085697
1546560000.0,2.7026221663916696
1546646400.0,2.7323408086967516
1546732800.0,2.5727858028784847
1546819200.0,2.6098123080454716
1546992000.0,2.6270466846281315
1547164800.0,2.8546866127764825
1547251200.0,2.8599239144941815
1547337600.0,2.932941644256052
1547424000.0,2.83093605847529
1547510400.0,2.887693793369422
1547596800.0,2.8722863825022382
1547683200.0,2.851215377917078
1547769600.0,2.874844134503905
1547856000.0,2.819304376753424
1547942400.0,2.9297140048253776
1548028800.0,2.933794228256608
1548115200.0,2.8965850265180735
1548201600.0,2.909617381955138
1548288000.0,2.8942708699451365
1548374400.0,2.903040305379423
1548460800.0,2.9012133396639466
1548547200.0,2.922101647677559
1548633600.0,2.979529270000698
1548720000.0,2.9955456694397076
1548806400.0,2.963512870561689
1548892800.0,2.983304999146016
1548979200.0,2.9577274791293475
1549065600.0,2.9439643374060926
1549152000.0,2.9831832014316504
1549238400.0,2.9884205031493494
1549324800.0,2.975936237426928
1549411200.0,3.012871394308141
1549497600.0,3.021549481456653
1549584000.0,2.8453271604785644
1549670400.0,2.8453271604785644
1549756800.0,2.8453271604785644
1549843200.0,2.8453271604785644
1549929600.0,2.8453271604785644
1550016000.0,2.8453271604785644
1550102400.0,2.8453271604785644
1550188800.0,2.8453271604785644
1550275200.0,2.8453271604785644
1550361600.0,2.8453271604785644
1550448000.0,2.8453271604785644
1550534400.0,2.8453271604785644
1550620800.0,2.8453271604785644
1550707200.0,2.8453271604785644
1550793600.0,2.8453271604785644
1550880000.0,2.8453271604785644
1551052800.0,2.8453271604785644
1551139200.0,2.8453271604785644
1551225600.0,2.8453271604785644
1551312000.0,2.8453271604785644
1551398400.0,2.8453271604785644
1551484800.0,2.8453271604785644
1551571200.0,2.8453271604785644
1551657600.0,2.8453271604785644
1551744000.0,2.8453271604785644
1551830400.0,2.8453271604785644
1551916800.0,2.8453271604785644
1552003200.0,2.8453271604785644
1552089600.0,2.8453271604785644
1552176000.0,2.8453271604785644
1552262400.0,2.8453271604785644
1552348800.0,2.8453271604785644
1552435200.0,2.8453271604785644
1552521600.0,2.8453271604785644
1552608000.0,2.8453271604785644
1552694400.0,2.8453271604785644
1552780800.0,2.8453271604785644
1552867200.0,2.8453271604785644
1552953600.0,2.8453271604785644
1553040000.0,2.8453271604785644
1553126400.0,2.8453271604785644
1553212800.0,2.8453271604785644
1553299200.0,2.8453271604785644
1553385600.0,2.8453271604785644
1553472000.0,2.8453271604785644
1553558400.0,2.8453271604785644
1553644800.0,2.8453271604785644
1553731200.0,2.8453271604785644
1553817600.0,2.8453271604785644
1553904000.0,2.8453271604785644
1553990400.0,2.8453271604785644
1554076800.0,2.8453271604785644
1554163200.0,2.8453271604785644
1554249600.0,2.8335314426008726
1554336000.0,2.9260680415059253
1554422400.0,2.834544511403399
1554508800.0,2.8429674548758324
1554595200.0,2.718417881810946
1554681600.0,2.7062610561806295
1554768000.0,2.7560984483286615
1554854400.0,2.7560984483286615
1554940800.0,2.7560984483286615
1555027200.0,2.7560984483286615
1555113600.0,2.7560984483286615
1555200000.0,2.7560984483286615
1555286400.0,2.7560984483286615
1555372800.0,2.7560984483286615
1555459200.0,2.7560984483286615
1555545600.0,2.7560984483286615
1555632000.0,2.7560984483286615
1555718400.0,2.7560984483286615
1555804800.0,2.7560984483286615
1555891200.0,2.7560984483286615
1555977600.0,2.7560984483286615
1556064000.0,2.7560984483286615
1556150400.0,2.7560984483286615
1556236800.0,2.7560984483286615
1556323200.0,2.7560984483286615
1556409600.0,2.7560984483286615
1556496000.0,2.7560984483286615
1556582400.0,2.7560984483286615
1556668800.0,2.7560984483286615
1556755200.0,2.7560984483286615
1556841600.0,2.7560984483286615
1556928000.0,2.7560984483286615
1557014400.0,2.7560984483286615
1557100800.0,2.7560984483286615
1557187200.0,2.7560984483286615
1557273600.0,2.7560984483286615
1557360000.0,2.7560984483286615
1557446400.0,2.7560984483286615
1557532800.0,2.7560984483286615
1557619200.0,2.7560984483286615
1557705600.0,2.7560984483286615
1557792000.0,2.745443096881344
1557878400.0,2.671201929253517
1557964800.0,2.7502622012711666
1558051200.0,2.943700377478033
1558137600.0,2.941947975881734
1558224000.0,2.649128409146287
1558310400.0,2.73786058997428
1558396800.0,2.7196288733666294
1558483200.0,2.7997506963512677
1558569600.0,2.7455104969427393
1558656000.0,2.6910175473039755
1558742400.0,2.6880519446025466
1558828800.0,2.482987257804849
1558915200.0,2.4356387146740746
1559001600.0,2.4712596471219244
1559088000.0,2.4704845464158693
1559174400.0,2.610272273751424
1559260800.0,2.548365317359087
1559347200.0,2.516990588779193
1559433600.0,2.4603745372064516
1559520000.0,2.5584921765838544
1559606400.0,2.8270308712013485
1559692800.0,2.783591531631549
1559779200.0,2.7972231940489145
1559865600.0,2.7178764717703316
1559952000.0,2.7274809805192786
1560038400.0,2.854867096557947
1560124800.0,2.7239424772959824
1560211200.0,2.7384334904961487
1560297600.0,2.6622714211185325
1560384000.0,2.624106136352979
1560470400.0,2.4800048050880728
1560556800.0,2.429505309087029
1560643200.0,2.349551986255881
1560729600.0,2.2453683413528274
1560816000.0,2.3682049532472575
1560902400.0,2.2662623603856247
1560988800.0,2.173267125674327
1561075200.0,2.0654101774251847
1561161600.0,1.8503396842003188
1561248000.0,1.8503396842003188
1561334400.0,1.8503396842003188
1561420800.0,1.8503396842003188
1561507200.0,1.8427472893380175
1561593600.0,2.0274929911959916
1561680000.0,1.8570293760153174
1561766400.0,1.879450716390433
1561852800.0,2.048839335799698
1561939200.0,2.117792635994403
1562025600.0,2.0741785218400683
1563148800.0,2.0667303368524443
1563235200.0,2.2817832409229464
1563408000.0,2.2482986637286
1563494400.0,2.2482986637286
1563580800.0,2.2482986637286
1563667200.0,2.239802519397142
1563753600.0,2.290715117086421
1563840000.0,2.336596825675969
1563926400.0,2.390306597704699
1564012800.0,2.3695692728356073
1564099200.0,2.3877207207074367
1564185600.0,2.4624495473948436
1564272000.0,2.5056145758705366
1564358400.0,2.439327130434481
1564444800.0,2.439327130434481
1564531200.0,2.439327130434481
1564617600.0,2.439327130434481
1564704000.0,2.439327130434481
1564790400.0,2.4293549215589003
1564876800.0,2.38195032672843
1564963200.0,2.214025575549306
1565049600.0,2.326740617010618
1565136000.0,2.1715565680740663
1565222400.0,2.193824101723246
1565308800.0,2.184641613620492
1565395200.0,2.3216902485541038
1565481600.0,2.274170872622349
1565568000.0,2.2916176000175823
1565654400.0,2.411678631961098
1565740800.0,2.5659444320873748
1565827200.0,2.53059185289177
1565913600.0,2.5339205048290183
1566000000.0,2.575815606797836
1566086400.0,2.542069963020213
1566172800.0,2.440833031687344
1566259200.0,2.427747986140919
1566345600.0,2.603592633308669
1566432000.0,2.5806364130517827
1566518400.0,2.5292144796763574
1566604800.0,2.612315997006286
1566691200.0,2.6116273103985796
1566777600.0,2.5489568290972797
1566864000.0,2.5928032097879323
1566950400.0,2.6842952256217525
1567036800.0,2.727433794957489
1567123200.0,2.727433794957489
1567209600.0,2.727433794957489
1567296000.0,2.727433794957489
1567382400.0,2.727433794957489
1567468800.0,2.727433794957489
1567555200.0,2.727433794957489
1567641600.0,2.727433794957489
1567728000.0,2.727433794957489
1567814400.0,2.727433794957489
1567900800.0,2.727433794957489
1567987200.0,2.727433794957489
1568073600.0,2.727433794957489
1568160000.0,2.727433794957489
1568246400.0,2.727433794957489
1568332800.0,2.727433794957489
1568419200.0,2.727433794957489
1568505600.0,2.727433794957489
1568592000.0,2.727433794957489
1568678400.0,2.727433794957489
1568764800.0,2.727433794957489
1568851200.0,2.727433794957489
1568937600.0,2.727433794957489
1569024000.0,2.727433794957489
1569110400.0,2.727433794957489
1569196800.0,2.727433794957489
1569283200.0,2.727433794957489
1569369600.0,2.727433794957489
1569456000.0,2.727433794957489
1569542400.0,2.727433794957489
1569628800.0,2.727433794957489
1569715200.0,2.727433794957489
1569801600.0,2.727433794957489
1569888000.0,2.727433794957489
1569974400.0,2.727433794957489
1570060800.0,2.727433794957489
1570147200.0,2.727433794957489
1570233600.0,2.727433794957489
1570320000.0,2.727433794957489
1570406400.0,2.727433794957489
1570492800.0,2.727433794957489
1570579200.0,2.727433794957489
1570665600.0,2.7165759455320546
1570752000.0,2.794559265427324
1570838400.0,2.7946222822514826
1570924800.0,2.8085017377722363
1571011200.0,2.7907152391536996
1571097600.0,2.8493839024446053
1571184000.0,2.904050997401491
1571270400.0,2.881774550061711
1571356800.0,2.9084306666804576
1571443200.0,2.9118020667728994
1571529600.0,2.8294705860107423
1571616000.0,2.838828584398174
1571702400.0,2.868604033812732
1571788800.0,3.0845941986135688
1571875200.0,3.062257984446485
1571961600.0,3.062257984446485
1572048000.0,3.062257984446485
1572134400.0,3.0497669929943254
1572220800.0,3.0974344926945876
1572307200.0,3.101663322545631
1572393600.0,3.1759513871702736
1572480000.0,3.201518795235199
1572566400.0,3.1633459096832555
1572652800.0,3.1426068207586004
1572739200.0,3.175141266509154
1572825600.0,3.108225299900697
1572912000.0,3.135429151701084
1572998400.0,3.13220487146983
1573084800.0,3.1805204676989858
1573171200.0,3.315292140882799
1573257600.0,3.3054410736435873
1573344000.0,3.228544420490141
1573430400.0,3.3354803477578927
1573516800.0,3.3117600148003183
1573603200.0,3.3110795134449793
1573689600.0,3.3634781178061766
1573776000.0,3.4182098696713985
1573862400.0,3.405863630795941
1573948800.0,3.402428719192795
1574035200.0,3.5044067080144963
1574121600.0,3.522229362559122
1574208000.0,3.536390271715488
1574294400.0,3.683005908964865
1574380800.0,3.7893585493566113
1574467200.0,3.775409328871016
1574553600.0,3.775409328871016
1574640000.0,3.775409328871016
1574726400.0,3.775409328871016
1574812800.0,3.775409328871016
1574899200.0,3.775409328871016
1574985600.0,3.775409328871016
1575072000.0,3.775409328871016
1575158400.0,3.775409328871016
1575244800.0,3.775409328871016
1575331200.0,3.775409328871016
1575417600.0,3.775409328871016
1575504000.0,3.775409328871016
1575590400.0,3.775409328871016
1575676800.0,3.775409328871016
1575763200.0,3.775409328871016
1575849600.0,3.775409328871016
1575936000.0,3.775409328871016
1576022400.0,3.775409328871016
1576108800.0,3.775409328871016
1576195200.0,3.775409328871016
1576281600.0,3.775409328871016
1576368000.0,3.775409328871016
1576454400.0,3.775409328871016
1576540800.0,3.775409328871016
1576627200.0,3.775409328871016
1576713600.0,3.775409328871016
1576800000.0,3.775409328871016
1576886400.0,3.775409328871016
1576972800.0,3.775409328871016
1577059200.0,3.775409328871016
1577145600.0,3.775409328871016
1577232000.0,3.775409328871016
1577318400.0,3.775409328871016
1577404800.0,3.775409328871016
1577491200.0,3.775409328871016
1577577600.0,3.775409328871016
1577664000.0,3.775409328871016
1577750400.0,3.775409328871016
1577836800.0,3.775409328871016
1577923200.0,3.775409328871016
1578009600.0,3.775409328871016
1578096000.0,3.775409328871016
1578182400.0,3.775409328871016
1578268800.0,3.775409328871016
1578355200.0,3.775409328871016
1578441600.0,3.775409328871016
1578528000.0,3.775409328871016
1578614400.0,3.775409328871016
1578700800.0,3.775409328871016
1578787200.0,3.775409328871016
1578873600.0,3.775409328871016
1578960000.0,3.775409328871016
1579046400.0,3.775409328871016
1579132800.0,3.775409328871016
1579219200.0,3.775409328871016
1579305600.0,3.775409328871016
1579392000.0,3.775409328871016
1579478400.0,3.775409328871016
1579564800.0,3.775409328871016
1579651200.0,3.775409328871016
1579737600.0,3.775409328871016
1579824000.0,3.775409328871016
1579910400.0,3.775409328871016
1579996800.0,3.775409328871016
1580083200.0,3.775409328871016
1580169600.0,3.775409328871016
1580256000.0,3.775409328871016
1580342400.0,3.775409328871016
1580428800.0,3.7607598086109
1580515200.0,3.7463247789170873
1580601600.0,3.7627299950961377
1580688000.0,3.7814760269012107
1580774400.0,3.8278631898902487
1580860800.0,3.661977389192697
1580947200.0,3.6215983196437866
1581033600.0,3.6012527304942634
1581120000.0,3.563155956180726
1581206400.0,3.4642369891843376
1581292800.0,3.5629999018056573
1581379200.0,3.4170305407261914
1581465600.0,3.3869900735255527
1581552000.0,3.4357570657343817
1581638400.0,3.3908914329022593
1581724800.0,3.558435311334912
1581811200.0,3.519460731161616
1581897600.0,3.6384521921511586
1581984000.0,3.4423893766747833
1582070400.0,3.666171350522658
1582156800.0,3.668336604976729
1582243200.0,3.632561139492333
1582329600.0,3.6479324954365557
1582416000.0,3.5222306963190775
1582502400.0,3.6432508641845076
1582588800.0,3.7687771021300334
1582675200.0,3.976856104486664
1582761600.0,3.9916812701181477
1582848000.0,3.998040485902178
1582934400.0,4.069103746948882
1583020800.0,4.077979339530889
1583107200.0,3.9347604368120006
1583193600.0,3.9785336890186453
1583280000.0,3.989320947695238
1583366400.0,3.876396100536474
1583452800.0,3.8382408058322857
1583539200.0,3.9372963204068587
1583625600.0,4.271525778209289
1583712000.0,4.324582091511686
1583798400.0,4.324582091511686
1583884800.0,4.324582091511686
1583971200.0,4.324582091511686
1584057600.0,4.307969489041402
1584144000.0,4.537374429531534
1584230400.0,4.474095418168945
1584316800.0,4.794899258560426
1584403200.0,4.389770252295568
1584489600.0,4.389770252295568
1584576000.0,4.389770252295568
1584662400.0,4.389770252295568
1584748800.0,4.389770252295568
1584835200.0,4.389770252295568
1584921600.0,4.389770252295568
1585008000.0,4.389770252295568
1585094400.0,4.389770252295568
1585180800.0,4.389770252295568
1585267200.0,4.389770252295568
1585353600.0,4.389770252295568
1585440000.0,4.389770252295568
1585526400.0,4.376775720343265
1585612800.0,4.333306765041112
1585699200.0,4.410754506777927
1585785600.0,4.612370821599216
1585872000.0,4.531604838999641
1585958400.0,4.619040485733363
1586044800.0,4.562995397561349
1586131200.0,4.885926598325138
1586217600.0,4.824472777546826
1586304000.0,4.932912888941818
1586390400.0,4.9055042194154215
1586476800.0,4.589674054097939
1586563200.0,4.60347793608702
1586649600.0,4.70876571866239
1586736000.0,4.607559372348215
1586822400.0,4.616286345817272
1586908800.0,4.51946007744194
1586995200.0,4.792020381909033
1587081600.0,4.75047600630728
1587168000.0,4.883869288990225
1587254400.0,4.822946386749955
1587340800.0,4.618277290334928
1587427200.0,4.632147537141264
1587513600.0,4.774898259057192
1587600000.0,5.074535408964406
1587686400.0,5.024396789528105
1587772800.0,5.049714967310963
1587859200.0,5.09258663925782
1587945600.0,5.20062856174928
1588032000.0,5.192167047549242
1588118400.0,5.8768860495797375
1588204800.0,5.811192056955925
1588291200.0,5.811192056955925
1588377600.0,5.811192056955925
1588464000.0,5.811192056955925
1588550400.0,5.811192056955925
1588636800.0,5.811192056955925
1588723200.0,5.811192056955925
1588809600.0,5.811192056955925
1588896000.0,5.811192056955925
1588982400.0,5.811192056955925
1589068800.0,5.811192056955925
1589155200.0,5.794326155703362
1589241600.0,5.937436640173617
1589328000.0,6.243896774344866
1589414400.0,6.563936735509644
1589500800.0,6.334613935919419
1589587200.0,6.317345357843515
1589673600.0,6.511967782207488
1589760000.0,6.5354060412972785
1589846400.0,6.546439650729519
1589932800.0,6.402611002331722
1590019200.0,6.148805341575281
1590105600.0,6.183636292061085
1590192000.0,6.203646950587604
1590278400.0,6.082375178277614
1590364800.0,5.9957384935640965
1590451200.0,5.949841289831165
1590537600.0,6.125856739708814
1590624000.0,6.393503377977888
1590710400.0,6.337715098333804
1590796800.0,6.5045902800427315
1590883200.0,6.34522317575811
1590969600.0,6.52371955556727
1591056000.0,6.406985273526752
1591142400.0,6.447985905026441
1591228800.0,6.592271566832675
1591315200.0,6.4933934515360505
1591401600.0,6.473121642490424
1591488000.0,6.5596277519443875
1591574400.0,6.516994929700283
1591660800.0,6.564263173658525
1591747200.0,6.646199149028129
1591833600.0,6.2701424015150495
1591920000.0,6.362393822389351
1592006400.0,6.3420893695288365
1592092800.0,6.311436827348735
1592179200.0,6.33533209984696
1592265600.0,6.397257416690043
1592352000.0,6.351099062438005
1592438400.0,6.305267146334848
1592524800.0,6.278564505756229
1592611200.0,6.308629459268341
1592697600.0,6.257607176597948
1592784000.0,6.493621958240271
1592870400.0,6.464928044953465
1592956800.0,6.244288500123527
1593043200.0,6.228619468977149
1593129600.0,6.18262433379955
1593216000.0,6.068468913135206
1593302400.0,6.131340900610049
1593388800.0,6.194212888084891
1593475200.0,6.151318915321681
1593561600.0,6.2113835347161315
1593648000.0,6.1285661763445445
1593734400.0,6.121482468513786
1593820800.0,6.143484399748492
1593907200.0,6.117761073616521
1593993600.0,6.243309185676878
1594080000.0,6.221176679182619
1594166400.0,6.367714764216143
1594252800.0,6.220719665774182
1594339200.0,6.223070020446139
1594425600.0,6.208576166635739
1594512000.0,6.249054497097215
1594598400.0,6.223331170965244
1594684800.0,6.2329937401721764
1594771200.0,6.20185154076875
1594857600.0,6.149882587466595
1594944000.0,6.165878056761856
1595030400.0,6.179392596125607
1595116800.0,6.194539326233771
1595203200.0,6.17704224145365
1595289600.0,6.323090669263851
1595376000.0,6.404830781744125
1595462400.0,6.454579955633876
1595548800.0,6.431468134692968
1595635200.0,6.51856183281492
1595721600.0,6.680279291771499
1595808000.0,7.5455688930153535
1595894400.0,7.332731219943716
1595980800.0,7.547527521908652
1596067200.0,7.443720190563896
1596153600.0,7.564502305650562
1596240000.0,7.85666444890074
1596326400.0,7.437191427586238
1596412800.0,7.4923594747474445
1596499200.0,7.495950294385157
1596585600.0,7.787133123188687
1596672000.0,7.855685134454092
1596758400.0,7.761018071278057
1596844800.0,7.834793092925588
1596931200.0,7.792356133570814
1597017600.0,7.892899083426741
1597104000.0,7.57560120271258
1597276800.0,7.869395536707172
1597363200.0,7.864825402622812
1597449600.0,7.954269455416722
1597536000.0,7.954269455416722
1597622400.0,8.271567336130884
1597708800.0,8.054159528974886
1597795200.0,7.877230052280364
1597881600.0,7.90856811457312
1597968000.0,7.735555895665192
1598054400.0,7.798232020250705
1598140800.0,7.7943147624641105
1598227200.0,7.857643763347388
1598313600.0,7.612162275387462
1598400000.0,7.659822245124362
1598486400.0,7.548833274504182
1598572800.0,7.683978668141694
1598659200.0,7.704217833372432
1598745600.0,7.801496401739532
1598832000.0,7.819124061779206
1598918400.0,8.005193806642447
1599004800.0,7.653293482146702
1599091200.0,7.155148866951425
1599177600.0,7.067663443050813
1599264000.0,6.7444896756567605
1599350400.0,6.852867141085877
1599436800.0,6.973649256172544
1599523200.0,6.771910480162923
1599609600.0,6.903138616013841
1599696000.0,6.938393936093193
1599782400.0,6.96646761689712
1599868800.0,7.005640194763066
1599955200.0,6.913258198629211
1600041600.0,7.149272980271534
1600128000.0,7.250468806425227
1600214400.0,7.388878581551569
1600300800.0,7.324243828072759
1600387200.0,7.33011971475265
1600473600.0,7.411076375675604
1600560000.0,7.290947136886703
1600646400.0,7.047424277820074
1600732800.0,7.055911669691029
1600819200.0,6.899874234525012
1600905600.0,7.183875424053119
1600992000.0,7.180611042564291
1601078400.0,7.206726094474921
1601164800.0,7.215866362643642
1601251200.0,7.285397688355696
1601337600.0,7.213254857452579
1601424000.0,7.204114589283859
1601510400.0,7.12381080465867
1601596800.0,7.080068092708364
1601683200.0,7.07615083492177
1601769600.0,7.147314351378239
1601856000.0,7.21651923894141
1601942400.0,7.102265886832401
1602028800.0,7.143397093591643
1602115200.0,7.307269044330849
1602201600.0,7.405853365293479
1602288000.0,7.603022007218739
1602374400.0,7.59518749164555
1602460800.0,7.806719412121657
1602547200.0,7.65851649252883
1602633600.0,7.624566925045011
1602720000.0,7.690507431119352
1602806400.0,7.598451873134381
1602892800.0,7.5971461205388495
1602979200.0,7.676144152568507
1603065600.0,7.869395536707172
1603152000.0,7.9777730021362885
1603238400.0,8.757960177966376
1603324800.0,8.719072507790738
1603411200.0,8.719072507790738
1603497600.0,8.719072507790738
1603584000.0,8.719072507790738
1603670400.0,8.719072507790738
1603756800.0,8.719072507790738
1603843200.0,8.719072507790738
1603929600.0,8.719072507790738
1604016000.0,8.719072507790738
1604102400.0,8.719072507790738
1604188800.0,8.719072507790738
1604275200.0,8.719072507790738
1604361600.0,8.719072507790738
1604448000.0,8.719072507790738
1604534400.0,8.719072507790738
1604620800.0,8.719072507790738
1604707200.0,8.719072507790738
1604793600.0,8.719072507790738
1604880000.0,8.719072507790738
1604966400.0,8.719072507790738
1605052800.0,8.719072507790738
1605139200.0,8.719072507790738
1605225600.0,8.719072507790738
1605312000.0,8.719072507790738
1605398400.0,8.719072507790738
1605484800.0,8.719072507790738
1605571200.0,8.693005414141624
1605657600.0,8.774028057319954
1605744000.0,8.76469817719639
1605830400.0,9.175703948955565
1605916800.0,9.200747311392504
1606003200.0,9.0553975999938
1606089600.0,9.014149708921193
1606176000.0,9.399130025598843
1606262400.0,9.25378031420014
1606348800.0,8.430295631714912
1606435200.0,8.42489412216969
1606521600.0,8.708227850132705
1606608000.0,8.943439038511013
1606694400.0,9.70603397703192
1606780800.0,9.300675237979114
1606867200.0,9.472050404459342
1606953600.0,9.574924608979709
1607040000.0,9.195345801847282
1607126400.0,9.418280832168266
1607212800.0,9.518945328238315
1607299200.0,9.4506898894396
1607385600.0,9.024461681689345
1607472000.0,9.13298291891608
1607558400.0,9.00187355086387
1607644800.0,8.909065795950509
1607731200.0,9.253043744716699
1607817600.0,9.436449546093105
1607904000.0,9.485063132000104
1607990400.0,9.578361933235758
1608076800.0,10.497600648568104
1608163200.0,11.213791709632329
1608249600.0,11.344164508201098
1608336000.0,11.720305991077474
1608422400.0,11.505050451624502
1608508800.0,11.505050451624502
1608595200.0,11.505050451624502
1608681600.0,11.505050451624502
1608768000.0,11.505050451624502
1608854400.0,11.505050451624502
1608940800.0,11.505050451624502
1609027200.0,11.505050451624502
1609113600.0,11.505050451624502
1609200000.0,11.505050451624502
1609286400.0,11.505050451624502
1609372800.0,11.505050451624502
1609459200.0,11.505050451624502
1609545600.0,11.470618119214905
1609632000.0,11.903760680186773
1609718400.0,11.442147814463137
1609804800.0,12.208339223474557
1609891200.0,13.144062707827525
1609977600.0,13.144062707827525
1610064000.0,13.144062707827525
1610150400.0,13.144062707827525
1610236800.0,13.144062707827525
1610323200.0,13.144062707827525
1610409600.0,13.144062707827525
1610496000.0,13.144062707827525
1610582400.0,13.144062707827525
1610668800.0,13.144062707827525
1610755200.0,13.144062707827525
1610841600.0,13.144062707827525
1610928000.0,13.144062707827525
1611014400.0,13.144062707827525
1611100800.0,13.144062707827525
1611187200.0,13.144062707827525
1611273600.0,13.104913215833852
1611360000.0,12.74383604935167
1611446400.0,12.87479565623224
1611532800.0,12.886647204366229
1611619200.0,12.955583709345595
1611705600.0,12.039063986983818
1611792000.0,13.23567529691219
1611878400.0,13.618085250035552
1611964800.0,13.652849791228586
1612051200.0,13.175627453033316
1612137600.0,13.331672836797496
1612224000.0,14.179058528377675
1612310400.0,14.880275126305326
1612396800.0,14.64916993769255
1612483200.0,15.057653296710686
1612569600.0,15.578923888803946
1612656000.0,15.479963461885141
1612742400.0,18.303594804807904
1612828800.0,18.476429881761902
1612915200.0,17.831113085866228
1613001600.0,18.957207684397368
1613088000.0,18.82842086134136
1613174400.0,18.683831974106702
1613260800.0,19.346728566401126
1613347200.0,19.006984186560125
1613433600.0,19.510279930650167
1613520000.0,20.662645460878313
1613606400.0,20.460774090996043
1613692800.0,22.080880720912273
1613779200.0,22.032184511977935
1613865600.0,22.032184511977935
1613952000.0,22.032184511977935
1614038400.0,22.032184511977935
1614124800.0,22.032184511977935
1614211200.0,22.032184511977935
1614297600.0,21.968405610577303
1614384000.0,21.942186374914534
1614470400.0,21.48725963683596
1614556800.0,23.569158945777946
1614643200.0,23.00659534550485
1614729600.0,24.112863095837476
1614816000.0,23.03948438673095
1614902400.0,23.231988774886545
1614988800.0,23.23359872795356
1615161600.0,24.792723276707175
1615248000.0,25.9173904906628
1615334400.0,26.606450403343995
1615420800.0,27.376007969375795
1615507200.0,27.134745002619262
1615593600.0,28.92409283995561
1615680000.0,28.016312511295887
1615766400.0,28.016312511295887
1615852800.0,28.016312511295887
1615939200.0,28.016312511295887
1616025600.0,28.016312511295887
1616112000.0,28.016312511295887
1616198400.0,28.016312511295887
1616284800.0,28.016312511295887
1616371200.0,28.016312511295887
1616457600.0,28.016312511295887
1616544000.0,28.016312511295887
1616630400.0,28.016312511295887
1616716800.0,28.016312511295887
1616803200.0,28.016312511295887
1616889600.0,28.016312511295887
1616976000.0,28.016312511295887
1617062400.0,28.016312511295887
1617148800.0,27.90594526385653
1617235200.0,27.860272637536216
1617321600.0,27.89446855262732
1617408000.0,28.499689406020615
1617494400.0,28.222374587747527
1617580800.0,27.86120951192227
1617667200.0,28.313251403195125
1617753600.0,28.97679268712052
1617840000.0,28.34557356951412
1617926400.0,28.22143771336147
1618012800.0,27.681798066992215
1618099200.0,27.296742694322486
1618185600.0,27.338902041695082
1618272000.0,25.846695363301624
1618358400.0,26.017440720160646
1618444800.0,25.782753686453184
1618531200.0,26.526631948983027
1618617600.0,27.10515188237368
1618704000.0,28.935335995537468
1618790400.0,29.246378291708638
1618876800.0,29.07633559063916
1618963200.0,30.06380119354401
1619049600.0,31.312654750158973
1619136000.0,31.72511369862089
1619222400.0,31.563860503891327
1619308800.0,31.563860503891327
1619395200.0,31.563860503891327
1619481600.0,31.563860503891327
1619568000.0,31.563860503891327
1619654400.0,31.563860503891327
1619740800.0,31.563860503891327
1619827200.0,31.563860503891327
1619913600.0,31.563860503891327
1620000000.0,31.563860503891327
1620086400.0,31.563860503891327
1620172800.0,31.563860503891327
1620259200.0,31.563860503891327
1620345600.0,31.563860503891327
1620432000.0,31.563860503891327
1620518400.0,31.563860503891327
1620604800.0,31.563860503891327
1620691200.0,31.436884645484675
1620777600.0,33.62277082970203
1620864000.0,35.3628383581985
1620950400.0,35.08872581783393
1621036800.0,36.0779999399685
1621123200.0,37.355263067559996
1621209600.0,37.355263067559996
1621296000.0,37.205100366765905
1621382400.0,40.367007826011104
1621468800.0,39.98973231014071
1621555200.0,42.74310552262636
1621641600.0,41.96033480327731
1621728000.0,45.13266183948556
1621814400.0,41.271669502531836
1621900800.0,41.271669502531836
1621987200.0,41.271669502531836
1622073600.0,41.271669502531836
1622160000.0,41.271669502531836
1622246400.0,41.271669502531836
1622332800.0,41.271669502531836
1622419200.0,41.271669502531836
1622505600.0,41.271669502531836
1622592000.0,41.271669502531836
1622678400.0,41.271669502531836
1622764800.0,41.11479397824649
1622851200.0,43.3199702742195
1622937600.0,43.03300248976265
1623024000.0,44.33199244252421
1623110400.0,44.95033995546603
1623196800.0,44.95033995546603
1623283200.0,44.77236740280738
1623369600.0,43.89193615573974
1623456000.0,46.108131568173064
1623542400.0,42.23810410853507
1623628800.0,40.529245108388665
1623715200.0,40.63083332920416
1623801600.0,42.53803123665701
1623888000.0,43.4329750866983
1623974400.0,46.280468728485076
1624060800.0,46.03919670404827
1624147200.0,45.9890072854311
1624233600.0,50.83863544578997
1624320000.0,49.90349527260674
1624406400.0,49.90349527260674
1624492800.0,49.90349527260674
1624579200.0,49.90349527260674
1624665600.0,49.90349527260674
1624752000.0,49.90349527260674
1624838400.0,49.90349527260674
1624924800.0,49.90349527260674
1625011200.0,49.90349527260674
1625097600.0,49.90349527260674
1625184000.0,49.90349527260674
1625270400.0,49.90349527260674
1625356800.0,49.90349527260674
1625443200.0,49.90349527260674
1625529600.0,49.90349527260674
1625616000.0,49.90349527260674
1625702400.0,49.90349527260674
1625788800.0,49.90349527260674
1625875200.0,49.90349527260674
1625961600.0,49.90349527260674
1626048000.0,49.90349527260674
1626134400.0,49.90349527260674
1626220800.0,49.90349527260674
1626307200.0,49.90349527260674
1626393600.0,49.90349527260674
1626480000.0,49.90349527260674
1626566400.0,49.90349527260674
1626652800.0,49.90349527260674
1626739200.0,49.90349527260674
1626825600.0,49.90349527260674
1626912000.0,49.90349527260674
1626998400.0,49.90349527260674
1627084800.0,49.90349527260674
1627171200.0,49.90349527260674
1627257600.0,49.90349527260674
1627344000.0,49.69393171913527
1627430400.0,49.02602906353213
1627516800.0,48.773977711017224
1627603200.0,46.71143547624676
1627689600.0,46.09902423247051
1627776000.0,48.1956635998093
1627862400.0,49.28543469954215
1627948800.0,50.819137093890106
1628035200.0,48.920394809692986
1628121600.0,47.13530963405696
1628208000.0,44.98184171243762
1628294400.0,43.13190512779909
1628380800.0,42.750150957279175
1628467200.0,40.13938031650813
1628553600.0,40.99515148685049
1628640000.0,40.878820093382075
1628726400.0,43.21881938728698
1628812800.0,38.302146585179365
1628899200.0,39.215414881029105
1628985600.0,38.84101499400432
1629072000.0,40.38006595816691
1629158400.0,41.951208341217345
1629244800.0,42.09695686866628
1629331200.0,39.88398610785907
1629417600.0,36.3579414575578
1629504000.0,35.99691299506962
1629590400.0,36.36462716982611
1629676800.0,35.61983882313752
1629763200.0,37.53462681677856
1629849600.0,36.6855413587045
1629936000.0,38.80090072039453
1630022400.0,36.48496999065551
1630108800.0,36.72298134740698
1630195200.0,36.25899291598698
1630281600.0,38.11895806902796
1630368000.0,39.06699206867286
1630454400.0,37.229758337344094
1630540800.0,35.53025027874231
1630627200.0,35.45938172869833
1630713600.0,35.171896101161444
1630800000.0,32.758353972305244
1630886400.0,31.78090283867983
1630972800.0,39.34444912780731
1631059200.0,39.58446619823927
1631145600.0,39.82648898235172
1631232000.0,42.153785422946854
1631318400.0,41.40530261332445
1631404800.0,41.40530261332445
1631491200.0,41.40530261332445
1631577600.0,41.40530261332445
1631664000.0,41.40530261332445
1631750400.0,41.40530261332445
1631836800.0,41.40530261332445
1631923200.0,41.40530261332445
1632009600.0,41.40530261332445
1632096000.0,41.40530261332445
1632182400.0,41.40530261332445
1632268800.0,41.40530261332445
1632355200.0,41.40530261332445
1632441600.0,41.40530261332445
1632528000.0,41.40530261332445
1632614400.0,41.40530261332445
1632700800.0,41.40530261332445
1632787200.0,41.40530261332445
1632873600.0,41.40530261332445
1632960000.0,41.40530261332445
1633046400.0,41.40530261332445
1633132800.0,41.40530261332445
1633219200.0,41.40530261332445
1633305600.0,41.40530261332445
1633392000.0,41.40530261332445
1633478400.0,41.229352330625126
1633564800.0,42.19475499228894
1633651200.0,41.98207965345706
1633737600.0,41.41255580602338
1633824000.0,41.452382648501256
1633910400.0,39.543083820111676
1633996800.0,40.318512443156
1634083200.0,39.34394960772227
1634169600.0,39.27624397550988
1634256000.0,36.2414385786954
1634342400.0,36.6078455294919
1634428800.0,36.46287582287241
1634515200.0,35.88618314379271
1634601600.0,34.23177610726156
1634688000.0,32.60126517621714
1634774400.0,35.32382812800504
1634860800.0,36.752018699261825
1634947200.0,36.52102301289012
1635033600.0,36.57439098181048
1635120000.0,34.95343849296076
1635206400.0,37.23312695639463
1635292800.0,38.52311838425317
1635379200.0,36.86512693189901
1635465600.0,35.51659004559799
1635552000.0,36.22152515745646
1635638400.0,36.22152515745646
1635724800.0,36.43579356998746
1635811200.0,34.9263562400758
1635897600.0,35.064953651898826
1635984000.0,36.37286715887241
1636070400.0,36.429421275191
1636156800.0,36.24422645766885
1636243200.0,35.022737198872264
1636329600.0,31.3507023224117
1636416000.0,31.757732652535633
1636502400.0,33.55710939568627
1636588800.0,33.46710073168626
1636675200.0,34.13459861161553
1636761600.0,33.748278239580095
1636848000.0,33.24168080326146
1636934400.0,34.37634754545627
1637020800.0,37.189317429668954
1637107200.0,37.09691915512027
1637193600.0,39.81549942266038
1637280000.0,38.9225816143063
1637366400.0,37.44739536892562
1637452800.0,38.130027448996486
1637539200.0,40.189075205102895
1637625600.0,39.171499379793055
1637712000.0,39.57255568354531
1637798400.0,38.164278533527465
1637884800.0,42.25608832970489
1637971200.0,41.63231310524263
1638057600.0,41.63231310524263
1638144000.0,41.63231310524263
1638230400.0,41.63231310524263
1638316800.0,41.63231310524263
1638403200.0,41.63231310524263
1638489600.0,41.47487585840024
1638576000.0,44.96467335121167
1638662400.0,44.82081687368837
1638748800.0,43.996745630617085
1638835200.0,43.80980523342945
1638921600.0,43.941247700202005
1639008000.0,45.72813501238229
1639094400.0,46.03738992726106
1639180800.0,44.856963552050836
1639267200.0,44.20340239782062
1639353600.0,46.60952977568495
1639440000.0,45.52987595833368
1639526400.0,45.14686721487698
1639612800.0,45.93552201551233
1639699200.0,46.941787122248925
1639785600.0,46.46713377001469
1639872000.0,46.53358523932748
1639958400.0,46.4627523544556
1640044800.0,44.93436856026135
1640131200.0,45.254942132001084
1640217600.0,43.725097865953806
1640304000.0,43.73568628688827
1640390400.0,43.778405088589345
1640476800.0,43.671790643318275
1640563200.0,43.64404167811074
1640649600.0,45.92091729698206
1640736000.0,46.90673579777625
1640822400.0,46.372933335494366
1640908800.0,46.88994037146642
1640995200.0,46.02315032669406
1641081600.0,46.17430916348249
1641168000.0,46.82348890215362
1641254400.0,47.258709514356084
1641340800.0,48.917805539396376
1641427200.0,49.262476896711085
1641513600.0,50.411593004184766
1641600000.0,50.411593004184766
1641686400.0,50.411593004184766
1641772800.0,50.411593004184766
1641859200.0,50.411593004184766
1641945600.0,50.411593004184766
1642032000.0,50.411593004184766
1642118400.0,50.411593004184766
1642204800.0,50.411593004184766
1642291200.0,50.411593004184766
1642377600.0,50.411593004184766
1642464000.0,50.411593004184766
1642550400.0,50.411593004184766
1642636800.0,50.411593004184766
1642723200.0,50.230764730677436
1642809600.0,52.00926417066228
1642896000.0,50.465754225529395
1642982400.0,49.94692215663257
1643068800.0,49.58145165279702
1643155200.0,49.61970329569215
1643241600.0,49.61970329569215
1643328000.0,49.61970329569215
1643414400.0,49.61970329569215
1643500800.0,49.61970329569215
1643587200.0,49.61970329569215
1643673600.0,49.61970329569215
1643760000.0,49.61970329569215
1643846400.0,49.61970329569215
1643932800.0,49.61970329569215
1644019200.0,49.61970329569215
1644105600.0,49.61970329569215
1644192000.0,49.41546069714432
1644278400.0,49.158950307443696
1644364800.0,48.84904861490946
1644451200.0,49.91223194959621
1644537600.0,51.1971052590921
1644624000.0,51.47624891847219
1644710400.0,51.32652113443879
1644796800.0,50.92260432169754
1644883200.0,48.5136119514548
1644969600.0,49.232653518964014
1645056000.0,53.27008062563199
1645142400.0,53.86841142151737
1645228800.0,53.84751917258248
1645315200.0,55.66456448966994
1645401600.0,57.32143589825655
1645488000.0,55.5954156585931
1645574400.0,55.5954156585931
1645660800.0,55.5954156585931
1645747200.0,55.5954156585931
1645833600.0,55.5954156585931
1645920000.0,55.5954156585931
1646006400.0,55.5954156585931
1646092800.0,55.36774212491435
1646179200.0,56.03744439625348
1646265600.0,57.85036934261714
1646352000.0,62.091604051470014
1646438400.0,61.849412104105966
1646524800.0,63.07059630308409
1646611200.0,63.66169802158475
1646697600.0,62.68142771220094
1646784000.0,58.488759198597855
1646870400.0,61.677513334077105
1646956800.0,62.507611855517496
1647043200.0,62.46415789134664
1647129600.0,63.84254319600169
1647216000.0,61.3247693896313
1647302400.0,61.71457700939931
1647388800.0,59.861393243289115
1647475200.0,59.823690539082044
1647561600.0,58.83702994084959
1647648000.0,58.60953565783745
1647734400.0,59.36870197305776
1647820800.0,59.55338132078391
1647907200.0,57.83886682268956
1647993600.0,57.88998913347881
1648080000.0,55.94095103463878
1648166400.0,55.43100598451605
1648252800.0,55.41311317573981
1648339200.0,52.637171699883716
1648425600.0,51.370616450080135
1648512000.0,51.7220823367562
1648598400.0,52.10038743659662
1648684800.0,53.62766647142535
1648771200.0,53.08321386151987
1648857600.0,53.231468562808686
1648944000.0,52.26781300443139
1649030400.0,52.3214914307601
1649116800.0,53.43467974819595
1649203200.0,56.41766658274849
1649289600.0,56.47262306684692
1649376000.0,57.985843466208614
1649462400.0,57.822252071683025
1649548800.0,58.48684211194323
1649635200.0,61.32732550517075
1649721600.0,61.48899981304174
1649808000.0,59.36998003082747
1649894400.0,61.184822063845715
1649980800.0,60.48636349268764
1650067200.0,60.47294388610546
1650153600.0,61.037206391441764
1650240000.0,60.00645280015359
1650326400.0,59.290740449104135
1650412800.0,59.10222692806879
1650499200.0,60.50361727257901
1650585600.0,61.42126275124598
1650672000.0,61.17331954391814
1650758400.0,61.58101997246238
1650844800.0,60.52470522577957
1650931200.0,63.22076809102746
1651017600.0,62.21110245293985
1651104000.0,61.36183306495349
1651190400.0,62.83990687564757
1651276800.0,63.13769433599494
1651363200.0,63.24824633307668
1651449600.0,62.8411849334173
1651536000.0,63.83295776272868
1651622400.0,61.45193613771953
1651708800.0,65.68358541329941
1651795200.0,66.09895418846203
1651881600.0,67.28243568323307
1651968000.0,68.39818011620838
1652054400.0,72.10326959065902
1652140800.0,73.1154913442861
1652227200.0,75.58086478209752
1652313600.0,75.3344323019092
1652400000.0,75.3344323019092
1652486400.0,75.3344323019092
1652572800.0,75.3344323019092
1652659200.0,75.3344323019092
1652745600.0,75.3344323019092
1652832000.0,75.3344323019092
1652918400.0,75.3344323019092
1653004800.0,75.3344323019092
1653091200.0,75.3344323019092
1653177600.0,75.3344323019092
1653264000.0,75.3344323019092
1653350400.0,75.3344323019092
1653436800.0,75.3344323019092
1653523200.0,75.3344323019092
1653609600.0,75.3344323019092
1653696000.0,75.3344323019092
1653782400.0,75.3344323019092
1653868800.0,75.3344323019092
1653955200.0,75.3344323019092
1654041600.0,75.3344323019092
1654128000.0,75.3344323019092
1654214400.0,75.3344323019092
1654300800.0,75.3344323019092
1654387200.0,75.3344323019092
1654473600.0,75.3344323019092
1654560000.0,75.3344323019092
1654646400.0,75.3344323019092
1654732800.0,75.3344323019092
1654819200.0,75.3344323019092
1654905600.0,75.3344323019092
1654992000.0,75.3344323019092
1655078400.0,75.3344323019092
1655164800.0,75.3344323019092
1655251200.0,75.3344323019092
1655337600.0,75.3344323019092
1655424000.0,75.3344323019092
1655510400.0,75.3344323019092
1655596800.0,75.3344323019092
1655683200.0,75.3344323019092
1655769600.0,75.3344323019092
1655856000.0,75.3344323019092
1655942400.0,75.3344323019092
1656028800.0,75.3344323019092
1656115200.0,75.3344323019092
1656201600.0,75.3344323019092
1656288000.0,75.3344323019092
1656374400.0,75.3344323019092
1656460800.0,75.3344323019092
1656547200.0,75.3344323019092
1656633600.0,75.3344323019092
1656720000.0,75.3344323019092
1656806400.0,75.3344323019092
1656892800.0,75.3344323019092
1656979200.0,75.3344323019092
1657065600.0,75.3344323019092
1657152000.0,75.3344323019092
1657238400.0,75.3344323019092
1657324800.0,75.3344323019092
1657411200.0,75.3344323019092
1657497600.0,75.3344323019092
1657584000.0,75.3344323019092
1657670400.0,75.3344323019092
1657756800.0,75.3344323019092
1657843200.0,75.3344323019092
1657929600.0,75.3344323019092
1658016000.0,75.3344323019092
1658102400.0,75.3344323019092
1658188800.0,75.3344323019092
1658275200.0,75.03437674928597
1658361600.0,76.19428173806831
1658448000.0,77.06901671579644
1658534400.0,77.94054753609699
1658620800.0,76.53392242539132
1658707200.0,80.6256314604053
1658793600.0,82.22450601676549
1658880000.0,76.78064254731463
1658966400.0,73.18878207100244
1659052800.0,73.27209016411939
1659139200.0,73.96258608976191
1659225600.0,75.45412137229833
1659312000.0,75.74890385563529
1659398400.0,75.91391796315544
1659484800.0,76.32244803517132
1659571200.0,77.50478212594669
1659657600.0,75.53262322927394
1659744000.0,75.66559576251832
1659830400.0,75.45572345101212
1659916800.0,73.75591793568329
1660003200.0,75.74569969820769
1660089600.0,73.44030842906707
1660176000.0,72.75942497570728
1660262400.0,72.37172192697064
1660348800.0,71.72448212660038
1660435200.0,71.97761056337883
1660521600.0,72.94526610650665
1660608000.0,73.41467516964647
1660694400.0,75.01354972600667
1660780800.0,75.05360169385136
1660867200.0,82.63143401006754
1660953600.0,82.21168938705515
1661040000.0,80.5919878074157
1661126400.0,81.98739836712485
1661212800.0,80.90118899917675
1661299200.0,80.95245551801796
1661385600.0,80.68330629410161
1661472000.0,83.85862630482897
1661558400.0,85.73145632124688
1661644800.0,86.04866790657685
1661731200.0,85.18514747984526
1661817600.0,86.20727369924185
1661904000.0,85.32452832794479
1661990400.0,85.534400639451
1662076800.0,85.9781764431702
1662163200.0,86.46040213602032
1662249600.0,86.36748157062064
1662336000.0,86.56613933113033
1662422400.0,89.23520246830076
1662508800.0,87.74253611289912
1662595200.0,87.74253611289912
1662681600.0,87.74253611289912
1662768000.0,87.74253611289912
1662854400.0,87.74253611289912
1662940800.0,87.74253611289912
1663027200.0,87.42441138309492
1663113600.0,86.91833684497313
1663200000.0,89.57424740550383
1663286400.0,89.10408492821334
1663372800.0,89.10408492821334
1663459200.0,89.10408492821334
1663545600.0,89.10408492821334
1663632000.0,89.10408492821334
1663718400.0,89.10408492821334
1663804800.0,89.10408492821334
1663891200.0,89.10408492821334
1663977600.0,89.10408492821334
1664064000.0,89.10408492821334
1664150400.0,89.10408492821334
1664236800.0,89.10408492821334
1664323200.0,89.10408492821334
1664409600.0,89.10408492821334
1664496000.0,89.10408492821334
1664582400.0,89.10408492821334
1664668800.0,89.10408492821334
1664755200.0,89.10408492821334
1664841600.0,89.10408492821334
1664928000.0,89.10408492821334
1665014400.0,89.10408492821334
1665100800.0,89.10408492821334
1665187200.0,89.10408492821334
1665273600.0,89.10408492821334
1665360000.0,89.10408492821334
1665446400.0,89.10408492821334
1665532800.0,89.10408492821334
1665619200.0,89.10408492821334
1665705600.0,89.10408492821334
1665792000.0,89.10408492821334
1665878400.0,89.10408492821334
1665964800.0,89.10408492821334
1666051200.0,89.10408492821334
1666137600.0,89.10408492821334
1666224000.0,89.10408492821334
1666310400.0,89.10408492821334
1666396800.0,89.10408492821334
1666483200.0,89.10408492821334
1666569600.0,89.10408492821334
1666656000.0,89.10408492821334
1666742400.0,89.10408492821334
1666828800.0,89.10408492821334
1666915200.0,89.10408492821334
1667001600.0,89.10408492821334
1667088000.0,89.10408492821334
1667174400.0,89.10408492821334
1667260800.0,89.10408492821334
1667347200.0,89.10408492821334
1667433600.0,89.10408492821334
1667520000.0,89.10408492821334
1667606400.0,89.10408492821334
1667692800.0,88.750485054992
1667779200.0,91.09926171004915
1667865600.0,99.5390044688069
1667952000.0,110.8114636552446
1668038400.0,103.51104114142505
1668124800.0,103.51104114142505
1668211200.0,103.20398473423124
1668297600.0,100.43035929267667
1668384000.0,102.41325818291087
1668470400.0,103.60543052182467
1668556800.0,102.23382408088047
1668643200.0,102.51666088577582
1668729600.0,102.53490842157552
1668816000.0,102.65047614830695
1668902400.0,100.06540857668263
1668988800.0,97.04240014586547
1669075200.0,99.37200221629399
1669161600.0,102.25511287264678
1669248000.0,101.9327397401854
1669334400.0,101.64686167932342
1669420800.0,101.16938449256457
1669507200.0,101.0994356053324
1669593600.0,99.68221032488896
1669680000.0,101.10551811726563
1669766400.0,105.76776351408928
1669852800.0,104.20759920321483
1669939200.0,104.86451049200404
1670025600.0,103.87914355882019
1670112000.0,105.31461637506332
1670198400.0,104.2623418106139
1670284800.0,104.8584279800708
1670371200.0,103.60543052182467
1670457600.0,105.96544515191937
1670544000.0,105.27812130346396
1670630400.0,105.10781096933343
1670716800.0,105.05306836193434
1670803200.0,105.75255723425622
1670889600.0,109.21958903619944
1670976000.0,109.48113704932847
1671062400.0,106.7805017509727
1671148800.0,102.17299896154816
1671235200.0,103.19790222229805
1671321600.0,103.13099459103249
1671408000.0,101.08118806953273
1671494400.0,103.8913085826867
1671580800.0,103.33779999676244
1671667200.0,103.47161525929359
1671753600.0,103.22831478196424
1671840000.0,103.62367805762443
1671926400.0,103.4533677234939
1672012800.0,103.88522607075349
1672099200.0,102.66872368410675
1672185600.0,101.70160428672258
1672272000.0,102.34635055164537
1672358400.0,102.13954514591542
1672444800.0,101.79892447765432
1672531200.0,102.21253528911421
1672617600.0,102.64439363637379
1672704000.0,102.52882590964235
1672790400.0,103.61759554569119
1672876800.0,103.47769777122683
1672963200.0,104.26234181061396
1673049600.0,104.17110413161545
1673136000.0,104.83409793233793
1673222400.0,105.58224690012567
1673308800.0,107.0663798118347
1673395200.0,109.98902679575349
1673481600.0,115.86169206729063
1673568000.0,121.87729636925877
1673654400.0,128.9695052834093
1673740800.0,127.91723071895987
1673827200.0,129.84538700179493
1673913600.0,129.74198429892996
1674000000.0,126.96227634544215
1674086400.0,129.16110440930612
1674172800.0,128.6349671270814
1674259200.0,139.4922509279036
1674345600.0,139.163795283509
1674432000.0,140.56277302815275
1674518400.0,138.62549297741782
1674604800.0,141.71845029546716
1674691200.0,140.8973111844806
1674777600.0,141.21360180500875
1674864000.0,140.94293002397987
1674950400.0,145.46527764633916
1675036800.0,139.09877061946068
1675123200.0,139.09877061946068
1675209600.0,139.09877061946068
1675296000.0,139.09877061946068
1675382400.0,139.09877061946068
1675468800.0,139.09877061946068
1675555200.0,139.09877061946068
1675641600.0,139.09877061946068
1675728000.0,139.09877061946068
1675814400.0,139.09877061946068
1675900800.0,139.09877061946068
1675987200.0,139.09877061946068
1676073600.0,138.88554759137622
1676160000.0,138.5414431355572
1676246400.0,138.62259984683527
1676332800.0,139.9925251332092
1676419200.0,146.75937171957523
1676505600.0,144.71584572959327
1676592000.0,147.70403583885204
1676678400.0,147.82252463731803
1676764800.0,146.95252469241706
1676851200.0,148.32894251569323
1676937600.0,147.10509930961985
1677024000.0,146.28703965993685
1677110400.0,145.61181582210327
1677196800.0,143.1722450810843
1677283200.0,143.0634950879717
1677369600.0,144.31655471010518
1677456000.0,144.23864426727823
1677542400.0,143.01480106120485
1677628800.0,144.72558453494668
1677715200.0,144.05685323401534
1677801600.0,140.42752510565975
1677888000.0,140.35935346818619
1677974400.0,140.62879374962938
1678060800.0,140.5768534544114
1678147200.0,139.9243534957357
1678233600.0,138.41159239751235
1678320000.0,133.93174193496253
1678406400.0,133.65256284816596
1678492800.0,134.34888743093185
1678579200.0,139.1744654835263
1678665600.0,146.4558456193953
1678752000.0,147.72169806638354
1678838400.0,147.28260314422346
1678924800.0,150.58253615132153
1679011200.0,165.5860324659466
1679097600.0,162.48021316514843
1679184000.0,169.02035188509845
1679270400.0,168.2857061658712
1679356800.0,168.4828062368834
1679443200.0,163.06554064876042
1679529600.0,169.67735212180577
1679616000.0,164.5049684400919
1679702400.0,165.29336872414063
1679788800.0,168.4529425897603
1679875200.0,163.0297042722127
1679961600.0,163.5254408144555
1680048000.0,170.69271612398975
1680134400.0,167.46744223469932
1680220800.0,171.68418920847532
1680307200.0,171.50500732573695
1680393600.0,168.33946073069265
1680480000.0,167.62273319973923
1680566400.0,169.49219750964275
1680652800.0,169.33093381517824
1680739200.0,168.26778797759732
1680825600.0,168.1035379184205
1680912000.0,167.7421877882315
1680998400.0,170.63896155916828
1681084800.0,177.9913914808655
1681171200.0,181.5511382179342
1681257600.0,179.6786875433184
1681344000.0,182.1961929957923
1681430400.0,182.99653873869028
1681516800.0,182.3574566902568
1681603200.0,182.11257478384775
1681689600.0,177.44488673851356
1681776000.0,182.2917566665861
1681862400.0,175.06475406280572
1681948800.0,169.80277943972263
1682035200.0,163.94353187417838
1682121600.0,167.38382402275482
1682208000.0,166.1056599258879
1682294400.0,165.49644152457748
1682380800.0,169.96404313418716
1682467200.0,170.41797057045764
1682553600.0,177.20896392624135
1682640000.0,176.91630018443539
1682726400.0,175.7695361349099
1682812800.0,176.85060016076466
1682899200.0,168.67990630789558
1682985600.0,173.05194424671149
1683072000.0,175.04683587453184
1683158400.0,173.1594533763545
1683244800.0,178.26016430497302
1683331200.0,173.07324540714015
1683417600.0,173.07324540714015
1683504000.0,173.07324540714015
1683590400.0,173.07324540714015
1683676800.0,173.07324540714015
1683763200.0,173.07324540714015
1683849600.0,173.07324540714015
1683936000.0,173.07324540714015
1684022400.0,173.07324540714015
1684108800.0,173.07324540714015
1684195200.0,173.07324540714015
1684281600.0,173.07324540714015
1684368000.0,173.07324540714015
1684454400.0,173.07324540714015
1684540800.0,173.07324540714015
1684627200.0,173.07324540714015
1684713600.0,173.07324540714015
1684800000.0,173.07324540714015
1684886400.0,173.07324540714015
1684972800.0,173.07324540714015
1685059200.0,173.07324540714015
1685145600.0,173.07324540714015
1685232000.0,173.07324540714015
1685318400.0,173.07324540714015
1685404800.0,173.07324540714015
1685491200.0,173.07324540714015
1685577600.0,173.07324540714015
1685664000.0,173.07324540714015
1685750400.0,173.07324540714015
1685836800.0,173.07324540714015
1685923200.0,173.07324540714015
1686009600.0,172.5539356270197
1686096000.0,167.17170547651773
1686182400.0,168.9615358579273
1686268800.0,168.52840964463246
1686355200.0,164.75129428457603
1686441600.0,164.75129428457603
1686528000.0,165.01881341631693
1686614400.0,164.4200801214682
1686700800.0,159.14613152428993
1686787200.0,163.17165750667724
1686873600.0,167.7704387713665
1686960000.0,169.0316003924309
1687046400.0,168.31821604112176
1687132800.0,170.30550101976863
1687219200.0,179.5667585805141
1687305600.0,191.80575885766154
1687392000.0,191.03186422655386
1687478400.0,195.17841076853824
1687564800.0,194.13699700568964
1687651200.0,194.1338122541213
1687737600.0,192.3630903821218
1687824000.0,194.91089163679732
1687910400.0,191.55416348376235
1687996800.0,193.85992361924366
1688083200.0,194.1210732478479
1688169600.0,194.54782995800605
1688256000.0,194.90770688522895
1688342400.0,198.12112121768843
1688428800.0,195.95549015121426
1688515200.0,193.71342504709983
1688601600.0,192.13378826920103
1688688000.0,192.96182367697057
1688774400.0,192.3758293883952
1688860800.0,192.16563578488447
1688947200.0,193.14653926793454
1689033600.0,194.50324343604922
1689120000.0,193.29303784007837
1689206400.0,199.4969338952132
1689292800.0,191.813466204301
1689379200.0,191.813466204301
1689465600.0,191.813466204301
1689552000.0,191.813466204301
1689638400.0,191.813466204301
1689724800.0,191.813466204301
1689811200.0,191.813466204301
1689897600.0,191.813466204301
1689984000.0,191.813466204301
1690070400.0,191.813466204301
1690156800.0,191.813466204301
1690243200.0,191.813466204301
1690329600.0,191.813466204301
1690416000.0,191.813466204301
1690502400.0,191.813466204301
1690588800.0,191.813466204301
1690675200.0,191.813466204301
1690761600.0,191.813466204301
1690848000.0,191.813466204301
1690934400.0,191.813466204301
1691020800.0,191.813466204301
1691107200.0,191.813466204301
1691193600.0,191.813466204301
1691280000.0,191.813466204301
1691366400.0,191.813466204301
1691452800.0,191.813466204301
1691539200.0,191.813466204301
1691625600.0,191.813466204301
1691712000.0,191.813466204301
1691798400.0,191.813466204301
1691884800.0,191.813466204301
1691971200.0,191.813466204301
1692057600.0,191.813466204301
1692144000.0,191.813466204301
1692230400.0,191.813466204301
1692316800.0,191.24469293181997
1692403200.0,191.30635415418396
1692489600.0,192.28567945055323
1692576000.0,191.75611836436838
1692662400.0,189.37309347653647
1692748800.0,194.0267021996542
1692835200.0,191.5384905207308
1692921600.0,191.10323483345556
1693008000.0,191.00167517309134
1693094400.0,191.26282858545648
1693180800.0,191.08147204909181
1693267200.0,202.3908656567934
1693353600.0,199.9570609387794
1693440000.0,190.84933568254507
1693526400.0,189.3114322541726
1693612800.0,189.57258566653772
1693699200.0,190.35604590363315
1693785600.0,188.94146491998862
1693872000.0,188.92695639707944
1693958400.0,188.86892230544274
1694044800.0,193.75829452583457
1694131200.0,190.0005870923584
1694217600.0,189.9933328309038
1694304000.0,189.761196464357
1694390400.0,184.46558560250827
1694476800.0,190.7115047149079
1694563200.0,192.51781581710014
1694649600.0,195.1075871563878
1694736000.0,196.37708291094057
1694822400.0,194.86094226693186
1694908800.0,194.10649907565477
1694995200.0,196.91389825858002
1695081600.0,199.43112698332178
1695168000.0,198.80726049822727
1695254400.0,194.92623062002306
1695340800.0,194.86819652838636
1695427200.0,194.98426471165973
1695513600.0,194.4837206712932
1695600000.0,192.83700332110192
1695686400.0,191.95198342364228
1695772800.0,193.09815673346705
1695859200.0,198.19790253604188
1695945600.0,197.08074627203544
1696032000.0,198.02380026113178
1696118400.0,204.6832122764429
1696204800.0,201.81777900188092
1696291200.0,200.12028182150752
1696377600.0,203.54429322807272
1696464000.0,201.1794039938773
1696550400.0,205.45941825208376
1696636800.0,204.79202619826174
1696723200.0,204.55263557026038
1696809600.0,202.46340827133923
1696896000.0,201.18665825533188
1696982400.0,196.31179455784923
1697068800.0,196.12318376002995
1697155200.0,196.87762695130704
1697241600.0,196.87037268985245
1697328000.0,198.7202093607722
1697414400.0,209.07929471792286
1697500800.0,207.96939271537101
1697587200.0,207.57040833536874
1697673600.0,210.13116262883807
1697760000.0,217.02271101069596
1697846400.0,219.6705164416203
1697932800.0,219.60522808852903
1698019200.0,244.10286902067028
1698105600.0,248.19630960382105
1698192000.0,248.19630960382105
1698278400.0,248.19630960382105
1698364800.0,248.19630960382105
1698451200.0,248.19630960382105
1698537600.0,248.19630960382105
1698624000.0,248.19630960382105
1698710400.0,248.19630960382105
1698796800.0,248.19630960382105
1698883200.0,248.19630960382105
1698969600.0,248.19630960382105
1699056000.0,248.19630960382105
1699142400.0,248.19630960382105
1699228800.0,248.19630960382105
1699315200.0,248.19630960382105
1699401600.0,248.19630960382105
1699488000.0,248.19630960382105
1699574400.0,248.19630960382105
1699660800.0,248.19630960382105
1699747200.0,248.19630960382105
1699833600.0,248.19630960382105
1699920000.0,248.19630960382105
1700006400.0,248.19630960382105
1700092800.0,248.19630960382105
1700179200.0,248.19630960382105
1700265600.0,248.19630960382105
1700352000.0,248.19630960382105
1700438400.0,248.19630960382105
1700524800.0,248.19630960382105
1700611200.0,248.19630960382105
1700697600.0,248.19630960382105
1700784000.0,248.19630960382105
1700870400.0,248.19630960382105
1700956800.0,248.19630960382105
1701043200.0,248.19630960382105
1701129600.0,247.45239624646229
1701216000.0,246.8381989736309
1701302400.0,246.65524659448965
1701388800.0,252.81355435665563
1701475200.0,257.14887234094965
1701561600.0,261.203227742991
1701648000.0,273.7518007480199
1701734400.0,289.38769515105764
1701820800.0,286.21869858378926
1701907200.0,282.1676101885183
1701993600.0,289.7797359635033
1702080000.0,287.6398465289045
1702166400.0,286.3036407598192
1702252800.0,270.23650146309126
1702339200.0,269.41321575695554
1702425600.0,281.5534129156869
1702512000.0,281.5730149563092
1702598400.0,275.5486544717288
1702684800.0,276.3131340559977
1702771200.0,272.8043687846098
1702857600.0,277.73754900788333
1702944000.0,276.46341636743523
1703030400.0,285.15365437664553
1703116800.0,287.4470931294521
1703203200.0,286.336310827523
1703289600.0,286.4669910983382
1703376000.0,280.22047415337204
1703462400.0,285.80378872395113
1703548800.0,277.5938007099867
1703635200.0,283.6508312622708
1703721600.0,278.23413403698106
1703808000.0,273.0461272856179
1703894400.0,276.15631773101944
1703980800.0,277.0841476538073
1704067200.0,284.16048431844996
1704153600.0,294.5659008821097
1704240000.0,279.403722460777
1704326400.0,289.7372648754883
1704412800.0,286.4669910983381
1704499200.0,286.55193327436797
1704585600.0,287.1203924524141
1704672000.0,306.6636269528261
1704758400.0,300.08714232405157
1704844800.0,304.58581064686456
1704931200.0,301.0795708858909
1705017600.0,301.0795708858909
1705104000.0,301.0795708858909
1705190400.0,301.0795708858909
1705276800.0,301.0795708858909
1705363200.0,301.0795708858909
1705449600.0,301.0795708858909
1705536000.0,301.0795708858909
1705622400.0,301.0795708858909
1705708800.0,301.0795708858909
1705795200.0,301.0795708858909
1705881600.0,301.0795708858909
1705968000.0,300.1842539406515
1706054400.0,302.70310823093325
1706140800.0,303.8795790970529
1706227200.0,318.7362945217687
1706313600.0,320.10884386557484
1706400000.0,317.4542429368947
1706486400.0,327.4617867788225
1706572800.0,329.6261915132862
1706659200.0,324.06812081886204
1706745600.0,326.1269448345714
1706832000.0,327.5221186181107
1706918400.0,326.90371726540684
1707004800.0,323.0047721514078
1707091200.0,322.49949299736926
1707177600.0,327.85394373419575
1707264000.0,335.21442812735444
1707350400.0,343.7438419067217
1707436800.0,358.40447885375085
1707523200.0,361.52855752398943
1707609600.0,362.01219807037137
1707696000.0,364.0441760057629
1707782400.0,363.51927702414457
1707868800.0,366.06469326469994
1707955200.0,365.84808647970897
1708041600.0,366.30880567318184
1708128000.0,366.0005134765545
1708214400.0,366.48071582000006
1708300800.0,366.21597419389997
1708387200.0,366.5615135890046
1708473600.0,364.7517242046164
1708560000.0,365.1866517354046
1708646400.0,360.41647881708207
1708732800.0,366.40023984550726
1708819200.0,367.852336601526
1708905600.0,386.55071294533303
1708992000.0,402.65355402475865
1709078400.0,432.8038528526268
1709164800.0,431.0389236059681
1709251200.0,431.0389236059681
1709337600.0,431.0389236059681
1709424000.0,431.0389236059681
1709510400.0,431.0389236059681
1709596800.0,431.0389236059681
1709683200.0,431.0389236059681
1709769600.0,431.0389236059681
1709856000.0,431.0389236059681
1709942400.0,431.0389236059681
1710028800.0,431.0389236059681
1710115200.0,431.0389236059681
1710201600.0,431.0389236059681
1710288000.0,431.0389236059681
1710374400.0,431.0389236059681
1710460800.0,431.0389236059681
1710547200.0,431.0389236059681
1710633600.0,431.0389236059681
1710720000.0,431.0389236059681
1710806400.0,431.0389236059681
1710892800.0,431.0389236059681
1710979200.0,431.0389236059681
1711065600.0,431.0389236059681
1711152000.0,431.0389236059681
1711238400.0,431.0389236059681
1711324800.0,431.0389236059681
1711411200.0,431.0389236059681
1711497600.0,431.0389236059681
1711584000.0,431.0389236059681
1711670400.0,431.0389236059681
1711756800.0,431.0389236059681
1711843200.0,431.0389236059681
1711929600.0,431.0389236059681
1712016000.0,431.0389236059681
1712102400.0,431.0389236059681
1712188800.0,431.0389236059681
1712275200.0,431.0389236059681
1712361600.0,431.0389236059681
1712448000.0,431.0389236059681
1712534400.0,431.0389236059681
1712620800.0,431.0389236059681
1712707200.0,431.0389236059681
1712793600.0,431.0389236059681
1712880000.0,431.0389236059681
1712966400.0,431.0389236059681
1713052800.0,429.74556606203265
1713139200.0,418.3265020559572
1713225600.0,421.43177315404716
1713312000.0,406.8578330802636
1713398400.0,419.32521544426726
1713484800.0,424.1732744749382
1713571200.0,427.1363446601231
1713657600.0,429.96713492632654
1713744000.0,441.3233659708858
1713830400.0,438.9886254008628
1713916800.0,423.28699901776224
1714003200.0,427.1429586560721
1714089600.0,421.98404181579474
1714176000.0,418.50177294860754
1714262400.0,417.66179546307524
1714348800.0,422.08986575098
1714435200.0,400.7398868273706
1714521600.0,383.9998630802654
1714608000.0,392.73033773304246
1714694400.0,415.8694025608762
1714780800.0,421.21020428975305
1714867200.0,422.42717954438257
1714953600.0,419.81465114449855
1715040000.0,416.2827773076933
1715126400.0,405.3928329775437
1715212800.0,418.2008361329246
1715299200.0,402.1122909868032
1715385600.0,403.0084874379026
1715472000.0,405.9715576230875
1715558400.0,415.38988785456826
1715644800.0,408.2798422093142
1715731200.0,437.308670429798
1715817600.0,432.7582412168354
1715904000.0,441.8326436589643
1715990400.0,442.5932531931077
1716076800.0,438.44627773303864
1716163200.0,460.2592363730831
1716249600.0,463.0073516899232
1716336000.0,456.71413454437976
1716422400.0,446.8857365640565
1716508800.0,454.48521790954203
1716595200.0,456.92247541677557
1716681600.0,453.4732765293337
1716768000.0,459.86901061208783
1716854400.0,453.37406659009764
1716940800.0,447.381786260237
1717027200.0,451.522147724357
1717113600.0,446.52196678685743
1717200000.0,447.83153798477395
1717286400.0,448.51277956752847
1717372800.0,456.4892586821112
1717459200.0,466.09278080016594
1717545600.0,470.3389661994711
1717632000.0,467.75950777933247
1717718400.0,458.6454213615092
1717804800.0,457.99063576255094
1717891200.0,459.9483785634767
1717977600.0,458.48007146278235
1718064000.0,444.8750817955381
1718150400.0,450.8739761213478
1718236800.0,442.3617633348902
1718323200.0,435.8205213412565
1718409600.0,436.7927787457703
1718496000.0,440.4635464975061
1718582400.0,440.35772256232093
1718668800.0,431.6900808710601
1718755200.0,429.39833127470615
1718841600.0,430.05311687366446
1718928000.0,424.47751828859543
1719014400.0,425.2645838065351
1719100800.0,421.21351128772756
1719187200.0,397.4395028487827
1719273600.0,409.3248535692679
1719360000.0,402.4925957538749
1719446400.0,407.75072253338834
1719532800.0,399.1392998076946
1719619200.0,402.8828215148702
1719705600.0,415.4824837978553
1719792000.0,416.2232513441515
1719878400.0,410.15821705885105
1719964800.0,399.0665458522547
1720051200.0,384.8464545617466
1720137600.0,374.720426763715
1720224000.0,383.8278991855893
1720310400.0,374.3698849784141
1720396800.0,375.1238805166085
1720483200.0,384.9588924928808
1720569600.0,382.2603821456588
1720656000.0,379.03275212251094
1720742400.0,382.3926620646403
1720828800.0,390.18394929264895
1720915200.0,402.33385985109703
1721001600.0,426.6965139295095
1721088000.0,427.34799253049323
1721174400.0,425.0330939483175
1721260800.0,423.38620895699825
1721347200.0,441.713591731881
1721433600.0,443.334020739404
1721520000.0,448.07558778812853
1721606400.0,447.9664646056585
1721692800.0,447.2879374122369
1721779200.0,447.07950835783026
1721865600.0,447.2135524055012
1721952000.0,448.07030154399513
1722038400.0,448.3323482174701
1722124800.0,448.1107035527297
1722211200.0,447.78824266058615
1722297600.0,447.3815794511732
1722384000.0,446.9160123785584
1722470400.0,447.0813963021637
1722556800.0,445.6163514994504
1722643200.0,445.27954223037307
1722729600.0,444.5889321932178
1722816000.0,443.10538553603726
1722902400.0,443.60984426192
1722988800.0,443.2080897077739
1723075200.0,445.6091773109836
1723161600.0,445.3071062176407
1723248000.0,445.41132074484403
1723334400.0,444.686350120821
1723420800.0,444.6908811872211
1723507200.0,445.29955444030713
1723593600.0,444.6399066902195
1723680000.0,444.1426221528037
1723766400.0,444.7139141080885
1723852800.0,444.8007595474246
1723939200.0,444.8309666567589
1724025600.0,444.7584695943566
1724112000.0,444.82983389015885
1724198400.0,445.54460961478156
1724284800.0,445.2255470224381
1724371200.0,446.75138363268667
1724457600.0,446.5403114562133
1724544000.0,446.72684035635257
1724630400.0,446.1755606110017
1724716800.0,444.8171846631252
1724803200.0,444.6954122536213
1724889600.0,444.7871663482242
1724976000.0,444.7682869048903
1725062400.0,444.71391410808866
1725148800.0,444.2196502816063
1725235200.0,444.79924919195804
1725321600.0,444.2849731555417
1725408000.0,444.35105120721045
1725494400.0,443.5834130412527
1725580800.0,442.7391243353592
1725667200.0,441.5274021555348
1725753600.0,448.4915405216748
1725840000.0,467.85723361016716
1725926400.0,470.4208203006337
1726012800.0,468.81245540247477
1726099200.0,475.57248654803624
1726185600.0,495.1586154347535
1726272000.0,491.215263933176
1726358400.0,486.3493477945835
1726444800.0,473.5885643640128
1726531200.0,493.0114074742673
1726617600.0,495.4770226988561
1726704000.0,513.9323975835682
1726790400.0,516.1081805549354
1726876800.0,515.8142661573023
1726963200.0,519.8964105688732
1727049600.0,517.4716167884001
1727136000.0,525.3256626362625
1727222400.0,516.320452064337
1727308800.0,532.2653081359331
1727395200.0,539.1069821697259
1727481600.0,537.498617271567
1727568000.0,537.4659601162745
1727654400.0,519.9290677241657
1727740800.0,496.056687205299
1727827200.0,496.79147319938176
1727913600.0,497.38746628347104
1728000000.0,508.73582774763815
1728086400.0,506.44982687715844
1728172800.0,511.17695010575756
1728259200.0,515.0794801632193
1728345600.0,507.9357274429702
1728432000.0,496.0770979273567
1728518400.0,491.46019259787005
1728604800.0,510.4258355340285
1728691200.0,517.3409881672295
1728777600.0,513.6425653303463
1728864000.0,540.6663613349458
1728950400.0,545.2138702094359
1729036800.0,553.2393661225843
1729123200.0,549.6676263734121
1729209600.0,552.9324506600683
1729296000.0,553.7651219838986
1729382400.0,558.1072441979961
1729468800.0,551.3329690210725
1729555200.0,550.904872464753
1729641600.0,545.1843734264619
1729728000.0,553.2335295568206
1729814400.0,548.072849092178
1729900800.0,548.1057795965103
1729987200.0,553.1347380438236
1730073600.0,560.8357716998127
1730160000.0,574.878279618644
1730246400.0,573.2929110529334
1730332800.0,563.8794911716666
1730419200.0,558.9916634572057
1730505600.0,559.0669331813937
1730592000.0,556.987607050699
1730678400.0,551.7328394308214
1730764800.0,558.8975763019705
1730851200.0,589.0101703349487
1730937600.0,588.567960705344
1731024000.0,591.9080547161883
1731110400.0,592.0162549447085
1731196800.0,610.5702419570606
1731283200.0,642.7574577629716
1731369600.0,648.0780863915137
1731456000.0,654.440730264284
1731542400.0,646.1775258557657
1731628800.0,661.4666885814615
1731715200.0,658.3100645233255
1731801600.0,653.4692803864822
1731888000.0,661.6031149565523
1731974400.0,663.9694069107137
1732060800.0,674.9917171464999
1732147200.0,694.3360362628265
1732233600.0,695.0910856835877
1732320000.0,691.075916333932
1732406400.0,691.000646609744
1732492800.0,674.4577725405411
1732579200.0,665.7758802912268
1732665600.0,684.5980156959988
1732752000.0,682.3634457591663
1732838400.0,691.3299516530666
1732924800.0,686.362149856656
1733011200.0,692.5201541667901
1733097600.0,681.516661362051
1733184000.0,683.5724657039368
1733270400.0,695.1357770823247
1733356800.0,687.5335349393325
1733443200.0,705.2524984489735
1733529600.0,702.4510534018499
1733616000.0,703.5589296547427
1733702400.0,689.5140695570304
1733788800.0,688.3379801165923
1733875200.0,708.3573745717304
1733961600.0,704.3586704742407
1734048000.0,708.592592459818
1734134400.0,707.7458080627025
1734220800.0,717.6249593623829
1734307200.0,730.1855945862624
1734393600.0,728.9624615682068
