date,cash,BTC/USDT:USDT
2020-03-17,1075.9070786920597,0.0
2020-03-18,1075.9070786920597,0.0
2020-03-19,1075.9070786920597,0.0
2020-03-20,1075.9070786920597,0.0
2020-03-21,1075.9070786920597,0.0
2020-03-22,1075.9070786920597,0.0
2020-03-23,1075.9070786920597,0.0
2020-03-24,1075.9070786920597,0.0
2020-03-25,1075.9070786920597,0.0
2020-03-26,1075.9070786920597,0.0
2020-03-27,1075.9070786920597,0.0
2020-03-28,1075.9070786920597,0.0
2020-03-29,1075.9070786920597,0.0
2020-03-30,1157.8456024695547,0.0
2020-03-31,1157.8456024695547,0.0
2020-04-01,1157.8456024695547,0.0
2020-04-02,1157.8456024695547,0.0
2020-04-03,1157.8456024695547,0.0
2020-04-04,1157.8456024695547,0.0
2020-04-05,1157.8456024695547,0.0
2020-04-06,1157.8456024695547,0.0
2020-04-07,1157.8456024695547,0.0
2020-04-08,1157.8456024695547,0.0
2020-04-09,1157.8456024695547,0.0
2020-04-10,1157.8456024695547,0.0
2020-04-11,1157.8456024695547,0.0
2020-04-12,1157.8456024695547,0.0
2020-04-13,1157.8456024695547,0.0
2020-04-14,1157.8456024695547,0.0
2020-04-15,1157.8456024695547,0.0
2020-04-16,1157.8456024695547,0.0
2020-04-17,1157.8456024695547,0.0
2020-04-18,1157.8456024695547,0.0
2020-04-19,1157.8456024695547,0.0
2020-04-20,1157.8456024695547,0.0
2020-04-21,17.453931589554713,1141.9460000000001
2020-04-22,17.453931589554713,1141.9460000000001
2020-04-23,1308.0737189895547,0.0
2020-04-24,1308.0737189895547,0.0
2020-04-25,1308.0737189895547,0.0
2020-04-26,1308.0737189895547,0.0
2020-04-27,1308.0737189895547,0.0
2020-04-28,16.944476989554687,1284.1345000000001
2020-04-29,1494.8838773895545,0.0
2020-04-30,1494.8838773895545,0.0
2020-05-01,1494.8838773895545,0.0
2020-05-02,1494.8838773895545,0.0
2020-05-03,1494.8838773895545,0.0
2020-05-04,1494.8838773895545,0.0
2020-05-05,1494.8838773895545,0.0
2020-05-06,1494.8838773895545,0.0
2020-05-07,1494.8838773895545,0.0
2020-05-08,1494.8838773895545,0.0
2020-05-09,1494.8838773895545,0.0
2020-05-10,1494.8838773895545,0.0
2020-05-11,19.920894454554627,1446.8242100000002
2020-05-12,19.920894454554627,1446.8242100000002
2020-05-13,19.920894454554627,1446.8242100000002
2020-05-14,1685.4877617045547,0.0
2020-05-15,1685.4877617045547,0.0
2020-05-16,1685.4877617045547,0.0
2020-05-17,1685.4877617045547,0.0
2020-05-18,1685.4877617045547,0.0
2020-05-19,1685.4877617045547,0.0
2020-05-20,1685.4877617045547,0.0
2020-05-21,1685.4877617045547,0.0
2020-05-22,1685.4877617045547,0.0
2020-05-23,1685.4877617045547,0.0
2020-05-24,1685.4877617045547,0.0
2020-05-25,1685.4877617045547,0.0
2020-05-26,30.06770532455471,1643.6913
2020-05-27,30.06770532455471,1643.6913
2020-05-28,30.06770532455471,1643.6913
2020-05-29,30.06770532455471,1643.6913
2020-05-30,1826.8886668245545,0.0
2020-05-31,1826.8886668245545,0.0
2020-06-01,1826.8886668245545,0.0
2020-06-02,1826.8886668245545,0.0
2020-06-03,1826.8886668245545,0.0
2020-06-04,1826.8886668245545,0.0
2020-06-05,1826.8886668245545,0.0
2020-06-06,1826.8886668245545,0.0
2020-06-07,1826.8886668245545,0.0
2020-06-08,1826.8886668245545,0.0
2020-06-09,1826.8886668245545,0.0
2020-06-10,1826.8886668245545,0.0
2020-06-11,1826.8886668245545,0.0
2020-06-12,1826.8886668245545,0.0
2020-06-13,1826.8886668245545,0.0
2020-06-14,1826.8886668245545,0.0
2020-06-15,1826.8886668245545,0.0
2020-06-16,1826.8886668245545,0.0
2020-06-17,1826.8886668245545,0.0
2020-06-18,1826.8886668245545,0.0
2020-06-19,1826.8886668245545,0.0
2020-06-20,1826.8886668245545,0.0
2020-06-21,1826.8886668245545,0.0
2020-06-22,1826.8886668245545,0.0
2020-06-23,1826.8886668245545,0.0
2020-06-24,1826.8886668245545,0.0
2020-06-25,1826.8886668245545,0.0
2020-06-26,1826.8886668245545,0.0
2020-06-27,1826.8886668245545,0.0
2020-06-28,33.40037082455456,1813.6860000000001
2020-06-29,33.40037082455456,1813.6860000000001
2020-06-30,33.40037082455456,1813.6860000000001
2020-07-01,33.40037082455456,1813.6860000000001
2020-07-02,33.40037082455456,1813.6860000000001
2020-07-03,33.40037082455456,1813.6860000000001
2020-07-04,33.40037082455456,1813.6860000000001
2020-07-05,33.40037082455456,1813.6860000000001
2020-07-06,33.40037082455456,1813.6860000000001
2020-07-07,33.40037082455456,1813.6860000000001
2020-07-08,33.40037082455456,1813.6860000000001
2020-07-09,33.40037082455456,1813.6860000000001
2020-07-10,33.40037082455456,1813.6860000000001
2020-07-11,33.40037082455456,1813.6860000000001
2020-07-12,33.40037082455456,1813.6860000000001
2020-07-13,33.40037082455456,1813.6860000000001
2020-07-14,33.40037082455456,1813.6860000000001
2020-07-15,33.40037082455456,1813.6860000000001
2020-07-16,33.40037082455456,1813.6860000000001
2020-07-17,1842.6175273245547,0.0
2020-07-18,1842.6175273245547,0.0
2020-07-19,1842.6175273245547,0.0
2020-07-20,1842.6175273245547,0.0
2020-07-21,1842.6175273245547,0.0
2020-07-22,1842.6175273245547,0.0
2020-07-23,1842.6175273245547,0.0
2020-07-24,1842.6175273245547,0.0
2020-07-25,1842.6175273245547,0.0
2020-07-26,1842.6175273245547,0.0
2020-07-27,1842.6175273245547,0.0
2020-07-28,1842.6175273245547,0.0
2020-07-29,1842.6175273245547,0.0
2020-07-30,1842.6175273245547,0.0
2020-07-31,1842.6175273245547,0.0
2020-08-01,1842.6175273245547,0.0
2020-08-02,1842.6175273245547,0.0
2020-08-03,1842.6175273245547,0.0
2020-08-04,1842.6175273245547,0.0
2020-08-05,1842.6175273245547,0.0
2020-08-06,1842.6175273245547,0.0
2020-08-07,1842.6175273245547,0.0
2020-08-08,1842.6175273245547,0.0
2020-08-09,1842.6175273245547,0.0
2020-08-10,1842.6175273245547,0.0
2020-08-11,1842.6175273245547,0.0
2020-08-12,1842.6175273245547,0.0
2020-08-13,1842.6175273245547,0.0
2020-08-14,1842.6175273245547,0.0
2020-08-15,1842.6175273245547,0.0
2020-08-16,1842.6175273245547,0.0
2020-08-17,1842.6175273245547,0.0
2020-08-18,1842.6175273245547,0.0
2020-08-19,1842.6175273245547,0.0
2020-08-20,1842.6175273245547,0.0
2020-08-21,1842.6175273245547,0.0
2020-08-22,1842.6175273245547,0.0
2020-08-23,1842.6175273245547,0.0
2020-08-24,1842.6175273245547,0.0
2020-08-25,1842.6175273245547,0.0
2020-08-26,1842.6175273245547,0.0
2020-08-27,1842.6175273245547,0.0
2020-08-28,1842.6175273245547,0.0
2020-08-29,1842.6175273245547,0.0
2020-08-30,1842.6175273245547,0.0
2020-08-31,1842.6175273245547,0.0
2020-09-01,1842.6175273245547,0.0
2020-09-02,1842.6175273245547,0.0
2020-09-03,1842.6175273245547,0.0
2020-09-04,46.69221342455489,1849.2959999999998
2020-09-05,46.69221342455489,1849.2959999999998
2020-09-06,46.69221342455489,1849.2959999999998
2020-09-07,46.69221342455489,1849.2959999999998
2020-09-08,46.69221342455489,1849.2959999999998
2020-09-09,46.69221342455489,1849.2959999999998
2020-09-10,46.69221342455489,1849.2959999999998
2020-09-11,46.69221342455489,1849.2959999999998
2020-09-12,46.69221342455489,1849.2959999999998
2020-09-13,46.69221342455489,1849.2959999999998
2020-09-14,46.69221342455489,1849.2959999999998
2020-09-15,1946.833303418802,0.0
2020-09-16,1946.833303418802,0.0
2020-09-17,1946.833303418802,0.0
2020-09-18,1946.833303418802,0.0
2020-09-19,1946.833303418802,0.0
2020-09-20,1946.833303418802,0.0
2020-09-21,1946.833303418802,0.0
2020-09-22,1946.833303418802,0.0
2020-09-23,1946.833303418802,0.0
2020-09-24,51.87294674380246,1984.1102
2020-09-25,51.87294674380246,1984.1102
2020-09-26,51.87294674380246,1984.1102
2020-09-27,51.87294674380246,1984.1102
2020-09-28,51.87294674380246,1984.1102
2020-09-29,2056.7940271146126,0.0
2020-09-30,2056.7940271146126,0.0
2020-10-01,2056.7940271146126,0.0
2020-10-02,2056.7940271146126,0.0
2020-10-03,2056.7940271146126,0.0
2020-10-04,2056.7940271146126,0.0
2020-10-05,2056.7940271146126,0.0
2020-10-06,2056.7940271146126,0.0
2020-10-07,2056.7940271146126,0.0
2020-10-08,2056.7940271146126,0.0
2020-10-09,2056.7940271146126,0.0
2020-10-10,2056.7940271146126,0.0
2020-10-11,2056.7940271146126,0.0
2020-10-12,2056.7940271146126,0.0
2020-10-13,2056.7940271146126,0.0
2020-10-14,2056.7940271146126,0.0
2020-10-15,2056.7940271146126,0.0
2020-10-16,2056.7940271146126,0.0
2020-10-17,2056.7940271146126,0.0
2020-10-18,2056.7940271146126,0.0
2020-10-19,2056.7940271146126,0.0
2020-10-20,2056.7940271146126,0.0
2020-10-21,2056.7940271146126,0.0
2020-10-22,2056.7940271146126,0.0
2020-10-23,2056.7940271146126,0.0
2020-10-24,2056.7940271146126,0.0
2020-10-25,2056.7940271146126,0.0
2020-10-26,2056.7940271146126,0.0
2020-10-27,2056.7940271146126,0.0
2020-10-28,2056.7940271146126,0.0
2020-10-29,2056.7940271146126,0.0
2020-10-30,2056.7940271146126,0.0
2020-10-31,2056.7940271146126,0.0
2020-11-01,2056.7940271146126,0.0
2020-11-02,2056.7940271146126,0.0
2020-11-03,2056.7940271146126,0.0
2020-11-04,2056.7940271146126,0.0
2020-11-05,2056.7940271146126,0.0
2020-11-06,2056.7940271146126,0.0
2020-11-07,2056.7940271146126,0.0
2020-11-08,2056.7940271146126,0.0
2020-11-09,2056.7940271146126,0.0
2020-11-10,2056.7940271146126,0.0
2020-11-11,2056.7940271146126,0.0
2020-11-12,2056.7940271146126,0.0
2020-11-13,2056.7940271146126,0.0
2020-11-14,2056.7940271146126,0.0
2020-11-15,2056.7940271146126,0.0
2020-11-16,2056.7940271146126,0.0
2020-11-17,67.66696061461289,2102.7311899999995
2020-11-18,2250.5990812146124,0.0
2020-11-19,2250.5990812146124,0.0
2020-11-20,2250.5990812146124,0.0
2020-11-21,2250.5990812146124,0.0
2020-11-22,2250.5990812146124,0.0
2020-11-23,2250.5990812146124,0.0
2020-11-24,2250.5990812146124,0.0
2020-11-25,2250.5990812146124,0.0
2020-11-26,2250.5990812146124,0.0
2020-11-27,70.77772521961288,2177.3007
2020-11-28,70.77772521961288,2177.3007
2020-11-29,70.77772521961288,2177.3007
2020-11-30,2579.5957073196128,0.0
2020-12-01,2579.5957073196128,0.0
2020-12-02,2579.5957073196128,0.0
2020-12-03,2579.5957073196128,0.0
2020-12-04,2579.5957073196128,0.0
2020-12-05,2579.5957073196128,0.0
2020-12-06,2579.5957073196128,0.0
2020-12-07,2579.5957073196128,0.0
2020-12-08,2579.5957073196128,0.0
2020-12-09,2579.5957073196128,0.0
2020-12-10,2579.5957073196128,0.0
2020-12-11,2579.5957073196128,0.0
2020-12-12,2579.5957073196128,0.0
2020-12-13,2579.5957073196128,0.0
2020-12-14,2579.5957073196128,0.0
2020-12-15,2579.5957073196128,0.0
2020-12-16,2772.639712785463,0.0
2020-12-17,2772.639712785463,0.0
2020-12-18,2772.639712785463,0.0
2020-12-19,2772.639712785463,0.0
2020-12-20,2772.639712785463,0.0
2020-12-21,2772.639712785463,0.0
2020-12-22,2772.639712785463,0.0
2020-12-23,2772.639712785463,0.0
2020-12-24,2772.639712785463,0.0
2020-12-25,88.81972341046276,2794.4900000000002
2020-12-26,3102.5442326104626,0.0
2020-12-27,3102.5442326104626,0.0
2020-12-28,3102.5442326104626,0.0
2020-12-29,3102.5442326104626,0.0
2020-12-30,3102.5442326104626,0.0
2020-12-31,3102.5442326104626,0.0
2021-01-01,3102.5442326104626,0.0
2021-01-02,3335.3335057287873,0.0
2021-01-03,3335.3335057287873,0.0
2021-01-04,3335.3335057287873,0.0
2021-01-05,3335.3335057287873,0.0
2021-01-06,3335.3335057287873,0.0
2021-01-07,3335.3335057287873,0.0
2021-01-08,3335.3335057287873,0.0
2021-01-09,3335.3335057287873,0.0
2021-01-10,3335.3335057287873,0.0
2021-01-11,3335.3335057287873,0.0
2021-01-12,3335.3335057287873,0.0
2021-01-13,3584.647452354762,0.0
2021-01-14,3584.647452354762,0.0
2021-01-15,3584.647452354762,0.0
2021-01-16,3584.647452354762,0.0
2021-01-17,3584.647452354762,0.0
2021-01-18,3584.647452354762,0.0
2021-01-19,3584.647452354762,0.0
2021-01-20,3584.647452354762,0.0
2021-01-21,3584.647452354762,0.0
2021-01-22,3853.4318521621476,0.0
2021-01-23,123.68887264214754,3625.7722400000002
2021-01-24,123.68887264214754,3625.7722400000002
2021-01-25,123.68887264214754,3625.7722400000002
2021-01-26,123.68887264214754,3625.7722400000002
2021-01-27,123.68887264214754,3625.7722400000002
2021-01-28,123.68887264214754,3625.7722400000002
2021-01-29,4069.867553970186,0.0
2021-01-30,4069.867553970186,0.0
2021-01-31,4069.867553970186,0.0
2021-02-01,4069.867553970186,0.0
2021-02-02,4069.867553970186,0.0
2021-02-03,4069.867553970186,0.0
2021-02-04,4069.867553970186,0.0
2021-02-05,4069.867553970186,0.0
2021-02-06,117.10364971518675,4042.70262
2021-02-07,117.10364971518675,4042.70262
2021-02-08,4926.991191615187,0.0
2021-02-09,4926.991191615187,0.0
2021-02-10,4926.991191615187,0.0
2021-02-11,4926.991191615187,0.0
2021-02-12,4926.991191615187,0.0
2021-02-13,4926.991191615187,0.0
2021-02-14,4926.991191615187,0.0
2021-02-15,4926.991191615187,0.0
2021-02-16,174.43770241518678,4870.596060000001
2021-02-17,5351.9531664151855,0.0
2021-02-18,5351.9531664151855,0.0
2021-02-19,5351.9531664151855,0.0
2021-02-20,5351.9531664151855,0.0
2021-02-21,5351.9531664151855,0.0
2021-02-22,5351.9531664151855,0.0
2021-02-23,5351.9531664151855,0.0
2021-02-24,211.73329089018534,5218.71315
2021-02-25,211.73329089018534,5218.71315
2021-02-26,211.73329089018534,5218.71315
2021-02-27,211.73329089018534,5218.71315
2021-02-28,211.73329089018534,5218.71315
2021-03-01,211.73329089018534,5218.71315
2021-03-02,211.73329089018534,5218.71315
2021-03-03,5650.233948656568,0.0
2021-03-04,5650.233948656568,0.0
2021-03-05,228.3181055365685,5462.3038400000005
2021-03-06,228.3181055365685,5462.3038400000005
2021-03-07,228.3181055365685,5462.3038400000005
2021-03-08,228.3181055365685,5462.3038400000005
2021-03-09,6324.220533536568,0.0
2021-03-10,6324.220533536568,0.0
2021-03-11,6324.220533536568,0.0
2021-03-12,6324.220533536568,0.0
2021-03-13,6324.220533536568,0.0
2021-03-14,6324.220533536568,0.0
2021-03-15,6324.220533536568,0.0
2021-03-16,6324.220533536568,0.0
2021-03-17,6324.220533536568,0.0
2021-03-18,6324.220533536568,0.0
2021-03-19,6324.220533536568,0.0
2021-03-20,6324.220533536568,0.0
2021-03-21,6324.220533536568,0.0
2021-03-22,6324.220533536568,0.0
2021-03-23,6324.220533536568,0.0
2021-03-24,6324.220533536568,0.0
2021-03-25,6324.220533536568,0.0
2021-03-26,6324.220533536568,0.0
2021-03-27,6324.220533536568,0.0
2021-03-28,6324.220533536568,0.0
2021-03-29,6324.220533536568,0.0
2021-03-30,6324.220533536568,0.0
2021-03-31,12383.047943291567,-6057.1457199999995
2021-04-01,12383.047943291567,-6057.1457199999995
2021-04-02,12383.047943291567,-6057.1457199999995
2021-04-03,12383.047943291567,-6057.1457199999995
2021-04-04,12383.047943291567,-6057.1457199999995
2021-04-05,12383.047943291567,-6057.1457199999995
2021-04-06,12383.047943291567,-6057.1457199999995
2021-04-07,6659.972625686568,0.0
2021-04-08,6659.972625686568,0.0
2021-04-09,6659.972625686568,0.0
2021-04-10,6659.972625686568,0.0
2021-04-11,6659.972625686568,0.0
2021-04-12,6659.972625686568,0.0
2021-04-13,6659.972625686568,0.0
2021-04-14,13155.013623236568,-6427.9482
2021-04-15,13155.013623236568,-6427.9482
2021-04-16,13155.013623236568,-6427.9482
2021-04-17,13155.013623236568,-6427.9482
2021-04-18,8047.361073236569,0.0
2021-04-19,8047.361073236569,0.0
2021-04-20,8047.361073236569,0.0
2021-04-21,8047.361073236569,0.0
2021-04-22,8047.361073236569,0.0
2021-04-23,8047.361073236569,0.0
2021-04-24,8047.361073236569,0.0
2021-04-25,8047.361073236569,0.0
2021-04-26,8047.361073236569,0.0
2021-04-27,8047.361073236569,0.0
2021-04-28,8047.361073236569,0.0
2021-04-29,8047.361073236569,0.0
2021-04-30,8047.361073236569,0.0
2021-05-01,8047.361073236569,0.0
2021-05-02,8047.361073236569,0.0
2021-05-03,8047.361073236569,0.0
2021-05-04,8047.361073236569,0.0
2021-05-05,8047.361073236569,0.0
2021-05-06,8047.361073236569,0.0
2021-05-07,8047.361073236569,0.0
2021-05-08,8047.361073236569,0.0
2021-05-09,8047.361073236569,0.0
2021-05-10,8047.361073236569,0.0
2021-05-11,15984.784021346568,-8052.88106
2021-05-12,9024.91042364657,0.0
2021-05-13,9024.91042364657,0.0
2021-05-14,9024.91042364657,0.0
2021-05-15,9024.91042364657,0.0
2021-05-16,9024.91042364657,0.0
2021-05-17,9024.91042364657,0.0
2021-05-18,17916.63650486657,-8748.036119999999
2021-05-19,12002.821875266569,0.0
2021-05-20,12002.821875266569,0.0
2021-05-21,12002.821875266569,0.0
2021-05-22,12002.821875266569,0.0
2021-05-23,12002.821875266569,0.0
2021-05-24,12002.821875266569,0.0
2021-05-25,12002.821875266569,0.0
2021-05-26,12002.821875266569,0.0
2021-05-27,12002.821875266569,0.0
2021-05-28,12002.821875266569,0.0
2021-05-29,12002.821875266569,0.0
2021-05-30,12002.821875266569,0.0
2021-05-31,12002.821875266569,0.0
2021-06-01,12002.821875266569,0.0
2021-06-02,12002.821875266569,0.0
2021-06-03,12002.821875266569,0.0
2021-06-04,12915.937244386369,0.0
2021-06-05,12915.937244386369,0.0
2021-06-06,12915.937244386369,0.0
2021-06-07,12915.937244386369,0.0
2021-06-08,12915.937244386369,0.0
2021-06-09,12915.937244386369,0.0
2021-06-10,12915.937244386369,0.0
2021-06-11,12915.937244386369,0.0
2021-06-12,12915.937244386369,0.0
2021-06-13,12915.937244386369,0.0
2021-06-14,25673.239527796366,-13239.9357
2021-06-15,25673.239527796366,-13239.9357
2021-06-16,25673.239527796366,-13239.9357
2021-06-17,25673.239527796366,-13239.9357
2021-06-18,14074.966289296366,0.0
2021-06-19,14074.966289296366,0.0
2021-06-20,14074.966289296366,0.0
2021-06-21,14074.966289296366,0.0
2021-06-22,14074.966289296366,0.0
2021-06-23,14074.966289296366,0.0
2021-06-24,14074.966289296366,0.0
2021-06-25,14074.966289296366,0.0
2021-06-26,14074.966289296366,0.0
2021-06-27,14074.966289296366,0.0
2021-06-28,14074.966289296366,0.0
2021-06-29,14074.966289296366,0.0
2021-06-30,14074.966289296366,0.0
2021-07-01,14074.966289296366,0.0
2021-07-02,14074.966289296366,0.0
2021-07-03,14074.966289296366,0.0
2021-07-04,14074.966289296366,0.0
2021-07-05,14074.966289296366,0.0
2021-07-06,14074.966289296366,0.0
2021-07-07,14074.966289296366,0.0
2021-07-08,14074.966289296366,0.0
2021-07-09,14074.966289296366,0.0
2021-07-10,14074.966289296366,0.0
2021-07-11,14074.966289296366,0.0
2021-07-12,14074.966289296366,0.0
2021-07-13,14074.966289296366,0.0
2021-07-14,14074.966289296366,0.0
2021-07-15,14074.966289296366,0.0
2021-07-16,14074.966289296366,0.0
2021-07-17,14074.966289296366,0.0
2021-07-18,14074.966289296366,0.0
2021-07-19,14074.966289296366,0.0
2021-07-20,14074.966289296366,0.0
2021-07-21,14074.966289296366,0.0
2021-07-22,14074.966289296366,0.0
2021-07-23,14074.966289296366,0.0
2021-07-24,14074.966289296366,0.0
2021-07-25,14074.966289296366,0.0
2021-07-26,14074.966289296366,0.0
2021-07-27,27964.25503308136,-14711.989090000001
2021-07-28,27964.25503308136,-14711.989090000001
2021-07-29,27964.25503308136,-14711.989090000001
2021-07-30,27964.25503308136,-14711.989090000001
2021-07-31,27964.25503308136,-14711.989090000001
2021-08-01,27964.25503308136,-14711.989090000001
2021-08-02,27964.25503308136,-14711.989090000001
2021-08-03,27964.25503308136,-14711.989090000001
2021-08-04,27964.25503308136,-14711.989090000001
2021-08-05,27964.25503308136,-14711.989090000001
2021-08-06,11852.71158723136,0.0
2021-08-07,11852.71158723136,0.0
2021-08-08,11852.71158723136,0.0
2021-08-09,11852.71158723136,0.0
2021-08-10,11852.71158723136,0.0
2021-08-11,11852.71158723136,0.0
2021-08-12,11852.71158723136,0.0
2021-08-13,11852.71158723136,0.0
2021-08-14,23567.733570931363,-11535.5163
2021-08-15,23567.733570931363,-11535.5163
2021-08-16,23567.733570931363,-11535.5163
2021-08-17,23567.733570931363,-11535.5163
2021-08-18,23567.733570931363,-11535.5163
2021-08-19,12531.847914681362,0.0
2021-08-20,12531.847914681362,0.0
2021-08-21,12531.847914681362,0.0
2021-08-22,12531.847914681362,0.0
2021-08-23,12531.847914681362,0.0
2021-08-24,12531.847914681362,0.0
2021-08-25,12531.847914681362,0.0
2021-08-26,12531.847914681362,0.0
2021-08-27,12531.847914681362,0.0
2021-08-28,12531.847914681362,0.0
2021-08-29,12531.847914681362,0.0
2021-08-30,12531.847914681362,0.0
2021-08-31,12531.847914681362,0.0
2021-09-01,12531.847914681362,0.0
2021-09-02,12531.847914681362,0.0
2021-09-03,12531.847914681362,0.0
2021-09-04,12531.847914681362,0.0
2021-09-05,12531.847914681362,0.0
2021-09-06,24918.13280210136,-12591.46883
2021-09-07,14753.449800501361,0.0
2021-09-08,14753.449800501361,0.0
2021-09-09,14753.449800501361,0.0
2021-09-10,14753.449800501361,0.0
2021-09-11,14753.449800501361,0.0
2021-09-12,14753.449800501361,0.0
2021-09-13,14753.449800501361,0.0
2021-09-14,14753.449800501361,0.0
2021-09-15,14753.449800501361,0.0
2021-09-16,14753.449800501361,0.0
2021-09-17,14753.449800501361,0.0
2021-09-18,14753.449800501361,0.0
2021-09-19,14753.449800501361,0.0
2021-09-20,14753.449800501361,0.0
2021-09-21,14753.449800501361,0.0
2021-09-22,14753.449800501361,0.0
2021-09-23,14753.449800501361,0.0
2021-09-24,14753.449800501361,0.0
2021-09-25,14753.449800501361,0.0
2021-09-26,14753.449800501361,0.0
2021-09-27,14753.449800501361,0.0
2021-09-28,14753.449800501361,0.0
2021-09-29,14753.449800501361,0.0
2021-09-30,14753.449800501361,0.0
2021-10-01,14753.449800501361,0.0
2021-10-02,14753.449800501361,0.0
2021-10-03,14753.449800501361,0.0
2021-10-04,14753.449800501361,0.0
2021-10-05,14753.449800501361,0.0
2021-10-06,14753.449800501361,0.0
2021-10-07,29311.84471017636,-14153.34237
2021-10-08,29311.84471017636,-14153.34237
2021-10-09,29311.84471017636,-14153.34237
2021-10-10,29311.84471017636,-14153.34237
2021-10-11,29311.84471017636,-14153.34237
2021-10-12,29311.84471017636,-14153.34237
2021-10-13,29311.84471017636,-14153.34237
2021-10-14,29311.84471017636,-14153.34237
2021-10-15,29311.84471017636,-14153.34237
2021-10-16,29311.84471017636,-14153.34237
2021-10-17,29311.84471017636,-14153.34237
2021-10-18,29311.84471017636,-14153.34237
2021-10-19,12424.143979626362,0.0
2021-10-20,24778.750195626362,-12684.33408
2021-10-21,24778.750195626362,-12684.33408
2021-10-22,24778.750195626362,-12684.33408
2021-10-23,24778.750195626362,-12684.33408
2021-10-24,24778.750195626362,-12684.33408
2021-10-25,13118.330899626362,0.0
2021-10-26,13118.330899626362,0.0
2021-10-27,13118.330899626362,0.0
2021-10-28,13118.330899626362,0.0
2021-10-29,13118.330899626362,0.0
2021-10-30,13118.330899626362,0.0
2021-10-31,13118.330899626362,0.0
2021-11-01,13118.330899626362,0.0
2021-11-02,13118.330899626362,0.0
2021-11-03,13118.330899626362,0.0
2021-11-04,13118.330899626362,0.0
2021-11-05,13118.330899626362,0.0
2021-11-06,13118.330899626362,0.0
2021-11-07,13118.330899626362,0.0
2021-11-08,13118.330899626362,0.0
2021-11-09,26240.63901474636,-12999.93612
2021-11-10,26240.63901474636,-12999.93612
2021-11-11,26240.63901474636,-12999.93612
2021-11-12,26240.63901474636,-12999.93612
2021-11-13,26240.63901474636,-12999.93612
2021-11-14,13879.037099746356,0.0
2021-11-15,27786.483908026355,-13494.75188
2021-11-16,15276.238711426355,0.0
2021-11-17,15276.238711426355,0.0
2021-11-18,15276.238711426355,0.0
2021-11-19,15276.238711426355,0.0
2021-11-20,15276.238711426355,0.0
2021-11-21,15276.238711426355,0.0
2021-11-22,15276.238711426355,0.0
2021-11-23,15276.238711426355,0.0
2021-11-24,15276.238711426355,0.0
2021-11-25,15276.238711426355,0.0
2021-11-26,15276.238711426355,0.0
2021-11-27,15276.238711426355,0.0
2021-11-28,15276.238711426355,0.0
2021-11-29,15276.238711426355,0.0
2021-11-30,15276.238711426355,0.0
2021-12-01,15276.238711426355,0.0
2021-12-02,15276.238711426355,0.0
2021-12-03,16456.096802174616,0.0
2021-12-04,17724.061226093883,0.0
2021-12-05,17724.061226093883,0.0
2021-12-06,17724.061226093883,0.0
2021-12-07,17724.061226093883,0.0
2021-12-08,17724.061226093883,0.0
2021-12-09,17724.061226093883,0.0
2021-12-10,17724.061226093883,0.0
2021-12-11,17724.061226093883,0.0
2021-12-12,35460.168938138886,-17970.46659
2021-12-13,35460.168938138886,-17970.46659
2021-12-14,35460.168938138886,-17970.46659
2021-12-15,35460.168938138886,-17970.46659
2021-12-16,35460.168938138886,-17970.46659
2021-12-17,18752.24476688889,0.0
2021-12-18,18752.24476688889,0.0
2021-12-19,18752.24476688889,0.0
2021-12-20,18752.24476688889,0.0
2021-12-21,18752.24476688889,0.0
2021-12-22,37481.06653790889,-18602.191270000003
2021-12-23,37481.06653790889,-18602.191270000003
2021-12-24,37481.06653790889,-18602.191270000003
2021-12-25,37481.06653790889,-18602.191270000003
2021-12-26,37481.06653790889,-18602.191270000003
2021-12-27,37481.06653790889,-18602.191270000003
2021-12-28,37481.06653790889,-18602.191270000003
2021-12-29,19837.96634565889,0.0
2021-12-30,19837.96634565889,0.0
2021-12-31,19837.96634565889,0.0
2022-01-01,19837.96634565889,0.0
2022-01-02,19837.96634565889,0.0
2022-01-03,19837.96634565889,0.0
2022-01-04,19837.96634565889,0.0
2022-01-05,19837.96634565889,0.0
2022-01-06,19837.96634565889,0.0
2022-01-07,19837.96634565889,0.0
2022-01-08,19837.96634565889,0.0
2022-01-09,19837.96634565889,0.0
2022-01-10,19837.96634565889,0.0
2022-01-11,19837.96634565889,0.0
2022-01-12,19837.96634565889,0.0
2022-01-13,19837.96634565889,0.0
2022-01-14,19837.96634565889,0.0
2022-01-15,19837.96634565889,0.0
2022-01-16,19837.96634565889,0.0
2022-01-17,19837.96634565889,0.0
2022-01-18,19837.96634565889,0.0
2022-01-19,19837.96634565889,0.0
2022-01-20,19837.96634565889,0.0
2022-01-21,19837.96634565889,0.0
2022-01-22,19837.96634565889,0.0
2022-01-23,19837.96634565889,0.0
2022-01-24,19837.96634565889,0.0
2022-01-25,19837.96634565889,0.0
2022-01-26,19837.96634565889,0.0
2022-01-27,19837.96634565889,0.0
2022-01-28,19837.96634565889,0.0
2022-01-29,19837.96634565889,0.0
2022-01-30,19837.96634565889,0.0
2022-01-31,19837.96634565889,0.0
2022-02-01,19837.96634565889,0.0
2022-02-02,19837.96634565889,0.0
2022-02-03,19837.96634565889,0.0
2022-02-04,19837.96634565889,0.0
2022-02-05,19837.96634565889,0.0
2022-02-06,19837.96634565889,0.0
2022-02-07,39672.98601921889,-20512.43532
2022-02-08,39672.98601921889,-20512.43532
2022-02-09,39672.98601921889,-20512.43532
2022-02-10,39672.98601921889,-20512.43532
2022-02-11,39672.98601921889,-20512.43532
2022-02-12,39672.98601921889,-20512.43532
2022-02-13,39672.98601921889,-20512.43532
2022-02-14,39672.98601921889,-20512.43532
2022-02-15,39672.98601921889,-20512.43532
2022-02-16,39672.98601921889,-20512.43532
2022-02-17,39672.98601921889,-20512.43532
2022-02-18,20987.840202218886,0.0
2022-02-19,20987.840202218886,0.0
2022-02-20,20987.840202218886,0.0
2022-02-21,20987.840202218886,0.0
2022-02-22,20987.840202218886,0.0
2022-02-23,20987.840202218886,0.0
2022-02-24,20987.840202218886,0.0
2022-02-25,20987.840202218886,0.0
2022-02-26,20987.840202218886,0.0
2022-02-27,20987.840202218886,0.0
2022-02-28,20987.840202218886,0.0
2022-03-01,41971.65686721889,-21575.5326
2022-03-02,41971.65686721889,-21575.5326
2022-03-03,41971.65686721889,-21575.5326
2022-03-04,23053.78946061889,0.0
2022-03-05,23053.78946061889,0.0
2022-03-06,23053.78946061889,0.0
2022-03-07,23053.78946061889,0.0
2022-03-08,23053.78946061889,0.0
2022-03-09,23053.78946061889,0.0
2022-03-10,46090.08735336889,-21634.5528
2022-03-11,24897.923666918887,0.0
2022-03-12,24897.923666918887,0.0
2022-03-13,24897.923666918887,0.0
2022-03-14,24897.923666918887,0.0
2022-03-15,24897.923666918887,0.0
2022-03-16,24897.923666918887,0.0
2022-03-17,24897.923666918887,0.0
2022-03-18,24897.923666918887,0.0
2022-03-19,24897.923666918887,0.0
2022-03-20,24897.923666918887,0.0
2022-03-21,24897.923666918887,0.0
2022-03-22,24897.923666918887,0.0
2022-03-23,24897.923666918887,0.0
2022-03-24,24897.923666918887,0.0
2022-03-25,24897.923666918887,0.0
2022-03-26,24897.923666918887,0.0
2022-03-27,24897.923666918887,0.0
2022-03-28,49725.40820541889,-24974.607000000004
2022-03-29,49725.40820541889,-24974.607000000004
2022-03-30,49725.40820541889,-24974.607000000004
2022-03-31,49725.40820541889,-24974.607000000004
2022-04-01,49725.40820541889,-24974.607000000004
2022-04-02,49725.40820541889,-24974.607000000004
2022-04-03,49725.40820541889,-24974.607000000004
2022-04-04,49725.40820541889,-24974.607000000004
2022-04-05,49725.40820541889,-24974.607000000004
2022-04-06,26337.198132918886,0.0
2022-04-07,26337.198132918886,0.0
2022-04-08,26337.198132918886,0.0
2022-04-09,26337.198132918886,0.0
2022-04-10,26337.198132918886,0.0
2022-04-11,26337.198132918886,0.0
2022-04-12,52661.08309771888,-26680.426199999998
2022-04-13,52661.08309771888,-26680.426199999998
2022-04-14,52661.08309771888,-26680.426199999998
2022-04-15,52661.08309771888,-26680.426199999998
2022-04-16,52661.08309771888,-26680.426199999998
2022-04-17,52661.08309771888,-26680.426199999998
2022-04-18,52661.08309771888,-26680.426199999998
2022-04-19,52661.08309771888,-26680.426199999998
2022-04-20,52661.08309771888,-26680.426199999998
2022-04-21,52661.08309771888,-26680.426199999998
2022-04-22,52661.08309771888,-26680.426199999998
2022-04-23,52661.08309771888,-26680.426199999998
2022-04-24,52661.08309771888,-26680.426199999998
2022-04-25,52661.08309771888,-26680.426199999998
2022-04-26,52661.08309771888,-26680.426199999998
2022-04-27,52661.08309771888,-26680.426199999998
2022-04-28,52661.08309771888,-26680.426199999998
2022-04-29,52661.08309771888,-26680.426199999998
2022-04-30,52661.08309771888,-26680.426199999998
2022-05-01,26886.922857918882,0.0
2022-05-02,53693.13866761888,-26852.343199999996
2022-05-03,53693.13866761888,-26852.343199999996
2022-05-04,53693.13866761888,-26852.343199999996
2022-05-05,53693.13866761888,-26852.343199999996
2022-05-06,53693.13866761888,-26852.343199999996
2022-05-07,28492.358574618876,0.0
2022-05-08,56915.38968796887,-27259.632
2022-05-09,32630.069496168868,0.0
2022-05-10,32630.069496168868,0.0
2022-05-11,32630.069496168868,0.0
2022-05-12,32630.069496168868,0.0
2022-05-13,32630.069496168868,0.0
2022-05-14,32630.069496168868,0.0
2022-05-15,32630.069496168868,0.0
2022-05-16,32630.069496168868,0.0
2022-05-17,32630.069496168868,0.0
2022-05-18,32630.069496168868,0.0
2022-05-19,32630.069496168868,0.0
2022-05-20,32630.069496168868,0.0
2022-05-21,32630.069496168868,0.0
2022-05-22,32630.069496168868,0.0
2022-05-23,32630.069496168868,0.0
2022-05-24,32630.069496168868,0.0
2022-05-25,32630.069496168868,0.0
2022-05-26,32630.069496168868,0.0
2022-05-27,32630.069496168868,0.0
2022-05-28,32630.069496168868,0.0
2022-05-29,32630.069496168868,0.0
2022-05-30,32630.069496168868,0.0
2022-05-31,32630.069496168868,0.0
2022-06-01,32630.069496168868,0.0
2022-06-02,32630.069496168868,0.0
2022-06-03,32630.069496168868,0.0
2022-06-04,32630.069496168868,0.0
2022-06-05,32630.069496168868,0.0
2022-06-06,32630.069496168868,0.0
2022-06-07,32630.069496168868,0.0
2022-06-08,32630.069496168868,0.0
2022-06-09,32630.069496168868,0.0
2022-06-10,32630.069496168868,0.0
2022-06-11,32630.069496168868,0.0
2022-06-12,32630.069496168868,0.0
2022-06-13,32630.069496168868,0.0
2022-06-14,32630.069496168868,0.0
2022-06-15,32630.069496168868,0.0
2022-06-16,32630.069496168868,0.0
2022-06-17,32630.069496168868,0.0
2022-06-18,32630.069496168868,0.0
2022-06-19,32630.069496168868,0.0
2022-06-20,32630.069496168868,0.0
2022-06-21,32630.069496168868,0.0
2022-06-22,32630.069496168868,0.0
2022-06-23,32630.069496168868,0.0
2022-06-24,32630.069496168868,0.0
2022-06-25,32630.069496168868,0.0
2022-06-26,32630.069496168868,0.0
2022-06-27,32630.069496168868,0.0
2022-06-28,32630.069496168868,0.0
2022-06-29,32630.069496168868,0.0
2022-06-30,32630.069496168868,0.0
2022-07-01,32630.069496168868,0.0
2022-07-02,32630.069496168868,0.0
2022-07-03,32630.069496168868,0.0
2022-07-04,32630.069496168868,0.0
2022-07-05,32630.069496168868,0.0
2022-07-06,32630.069496168868,0.0
2022-07-07,32630.069496168868,0.0
2022-07-08,32630.069496168868,0.0
2022-07-09,32630.069496168868,0.0
2022-07-10,32630.069496168868,0.0
2022-07-11,32630.069496168868,0.0
2022-07-12,32630.069496168868,0.0
2022-07-13,32630.069496168868,0.0
2022-07-14,32630.069496168868,0.0
2022-07-15,32630.069496168868,0.0
2022-07-16,32630.069496168868,0.0
2022-07-17,32630.069496168868,0.0
2022-07-18,32630.069496168868,0.0
2022-07-19,32630.069496168868,0.0
2022-07-20,65129.326103718864,-32254.6635
2022-07-21,65129.326103718864,-32254.6635
2022-07-22,65129.326103718864,-32254.6635
2022-07-23,65129.326103718864,-32254.6635
2022-07-24,65129.326103718864,-32254.6635
2022-07-25,34514.08437196886,0.0
2022-07-26,34514.08437196886,0.0
2022-07-27,34514.08437196886,0.0
2022-07-28,68897.03505586885,-35706.6276
2022-07-29,68897.03505586885,-35706.6276
2022-07-30,68897.03505586885,-35706.6276
2022-07-31,68897.03505586885,-35706.6276
2022-08-01,68897.03505586885,-35706.6276
2022-08-02,68897.03505586885,-35706.6276
2022-08-03,68897.03505586885,-35706.6276
2022-08-04,68897.03505586885,-35706.6276
2022-08-05,68897.03505586885,-35706.6276
2022-08-06,68897.03505586885,-35706.6276
2022-08-07,68897.03505586885,-35706.6276
2022-08-08,68897.03505586885,-35706.6276
2022-08-09,68897.03505586885,-35706.6276
2022-08-10,68897.03505586885,-35706.6276
2022-08-11,68897.03505586885,-35706.6276
2022-08-12,68897.03505586885,-35706.6276
2022-08-13,68897.03505586885,-35706.6276
2022-08-14,68897.03505586885,-35706.6276
2022-08-15,68897.03505586885,-35706.6276
2022-08-16,68897.03505586885,-35706.6276
2022-08-17,68897.03505586885,-35706.6276
2022-08-18,68897.03505586885,-35706.6276
2022-08-19,34548.45013976885,0.0
2022-08-20,34548.45013976885,0.0
2022-08-21,34548.45013976885,0.0
2022-08-22,34548.45013976885,0.0
2022-08-23,34548.45013976885,0.0
2022-08-24,34548.45013976885,0.0
2022-08-25,34548.45013976885,0.0
2022-08-26,34548.45013976885,0.0
2022-08-27,34548.45013976885,0.0
2022-08-28,34548.45013976885,0.0
2022-08-29,34548.45013976885,0.0
2022-08-30,34548.45013976885,0.0
2022-08-31,34548.45013976885,0.0
2022-09-01,34548.45013976885,0.0
2022-09-02,34548.45013976885,0.0
2022-09-03,34548.45013976885,0.0
2022-09-04,34548.45013976885,0.0
2022-09-05,34548.45013976885,0.0
2022-09-06,34548.45013976885,0.0
2022-09-07,34548.45013976885,0.0
2022-09-08,34548.45013976885,0.0
2022-09-09,34548.45013976885,0.0
2022-09-10,34548.45013976885,0.0
2022-09-11,34548.45013976885,0.0
2022-09-12,34548.45013976885,0.0
2022-09-13,37204.30928570885,0.0
2022-09-14,37204.30928570885,0.0
2022-09-15,37204.30928570885,0.0
2022-09-16,37204.30928570885,0.0
2022-09-17,37204.30928570885,0.0
2022-09-18,37204.30928570885,0.0
2022-09-19,37204.30928570885,0.0
2022-09-20,37204.30928570885,0.0
2022-09-21,37204.30928570885,0.0
2022-09-22,37204.30928570885,0.0
2022-09-23,37204.30928570885,0.0
2022-09-24,37204.30928570885,0.0
2022-09-25,37204.30928570885,0.0
2022-09-26,37204.30928570885,0.0
2022-09-27,37204.30928570885,0.0
2022-09-28,37204.30928570885,0.0
2022-09-29,37204.30928570885,0.0
2022-09-30,37204.30928570885,0.0
2022-10-01,37204.30928570885,0.0
2022-10-02,37204.30928570885,0.0
2022-10-03,37204.30928570885,0.0
2022-10-04,37204.30928570885,0.0
2022-10-05,37204.30928570885,0.0
2022-10-06,37204.30928570885,0.0
2022-10-07,37204.30928570885,0.0
2022-10-08,37204.30928570885,0.0
2022-10-09,37204.30928570885,0.0
2022-10-10,37204.30928570885,0.0
2022-10-11,37204.30928570885,0.0
2022-10-12,37204.30928570885,0.0
2022-10-13,37204.30928570885,0.0
2022-10-14,37204.30928570885,0.0
2022-10-15,37204.30928570885,0.0
2022-10-16,37204.30928570885,0.0
2022-10-17,37204.30928570885,0.0
2022-10-18,37204.30928570885,0.0
2022-10-19,37204.30928570885,0.0
2022-10-20,37204.30928570885,0.0
2022-10-21,37204.30928570885,0.0
2022-10-22,37204.30928570885,0.0
2022-10-23,37204.30928570885,0.0
2022-10-24,37204.30928570885,0.0
2022-10-25,37204.30928570885,0.0
2022-10-26,37204.30928570885,0.0
2022-10-27,37204.30928570885,0.0
2022-10-28,37204.30928570885,0.0
2022-10-29,37204.30928570885,0.0
2022-10-30,37204.30928570885,0.0
2022-10-31,37204.30928570885,0.0
2022-11-01,37204.30928570885,0.0
2022-11-02,37204.30928570885,0.0
2022-11-03,37204.30928570885,0.0
2022-11-04,37204.30928570885,0.0
2022-11-05,37204.30928570885,0.0
2022-11-06,74309.68430150885,-36407.8
2022-11-07,74309.68430150885,-36407.8
2022-11-08,44683.84018220885,0.0
2022-11-09,48110.61743456885,0.0
2022-11-10,51793.861246123844,0.0
2022-11-11,51793.861246123844,0.0
2022-11-12,51793.861246123844,0.0
2022-11-13,51793.861246123844,0.0
2022-11-14,290.7423560238458,52372.8008
2022-11-15,290.7423560238458,52372.8008
2022-11-16,290.7423560238458,52372.8008
2022-11-17,290.7423560238458,52372.8008
2022-11-18,290.7423560238458,52372.8008
2022-11-19,290.7423560238458,52372.8008
2022-11-20,290.7423560238458,52372.8008
2022-11-21,290.7423560238458,52372.8008
2022-11-22,290.7423560238458,52372.8008
2022-11-23,290.7423560238458,52372.8008
2022-11-24,290.7423560238458,52372.8008
2022-11-25,290.7423560238458,52372.8008
2022-11-26,290.7423560238458,52372.8008
2022-11-27,290.7423560238458,52372.8008
2022-11-28,290.7423560238458,52372.8008
2022-11-29,290.7423560238458,52372.8008
2022-11-30,290.7423560238458,52372.8008
2022-12-01,54782.53647936627,0.0
2022-12-02,54782.53647936627,0.0
2022-12-03,54782.53647936627,0.0
2022-12-04,54782.53647936627,0.0
2022-12-05,54782.53647936627,0.0
2022-12-06,54782.53647936627,0.0
2022-12-07,54782.53647936627,0.0
2022-12-08,54782.53647936627,0.0
2022-12-09,54782.53647936627,0.0
2022-12-10,54782.53647936627,0.0
2022-12-11,54782.53647936627,0.0
2022-12-12,54782.53647936627,0.0
2022-12-13,54782.53647936627,0.0
2022-12-14,54782.53647936627,0.0
2022-12-15,54782.53647936627,0.0
2022-12-16,54782.53647936627,0.0
2022-12-17,54782.53647936627,0.0
2022-12-18,54782.53647936627,0.0
2022-12-19,54782.53647936627,0.0
2022-12-20,54782.53647936627,0.0
2022-12-21,54782.53647936627,0.0
2022-12-22,54782.53647936627,0.0
2022-12-23,54782.53647936627,0.0
2022-12-24,54782.53647936627,0.0
2022-12-25,54782.53647936627,0.0
2022-12-26,54782.53647936627,0.0
2022-12-27,54782.53647936627,0.0
2022-12-28,54782.53647936627,0.0
2022-12-29,54782.53647936627,0.0
2022-12-30,54782.53647936627,0.0
2022-12-31,54782.53647936627,0.0
2023-01-01,54782.53647936627,0.0
2023-01-02,54782.53647936627,0.0
2023-01-03,54782.53647936627,0.0
2023-01-04,54782.53647936627,0.0
2023-01-05,54782.53647936627,0.0
2023-01-06,54782.53647936627,0.0
2023-01-07,54782.53647936627,0.0
2023-01-08,54782.53647936627,0.0
2023-01-09,54782.53647936627,0.0
2023-01-10,54782.53647936627,0.0
2023-01-11,394.9290657662714,55941.448300000004
2023-01-12,59463.375729366264,0.0
2023-01-13,508.33614096626843,62322.897600000004
2023-01-14,67257.55487136627,0.0
2023-01-15,667.386426366269,66302.5725
2023-01-16,667.386426366269,66302.5725
2023-01-17,667.386426366269,66302.5725
2023-01-18,667.386426366269,66302.5725
2023-01-19,667.386426366269,66302.5725
2023-01-20,71121.71672210163,0.0
2023-01-21,882.8368331016391,70578.3262
2023-01-22,882.8368331016391,70578.3262
2023-01-23,882.8368331016391,70578.3262
2023-01-24,882.8368331016391,70578.3262
2023-01-25,882.8368331016391,70578.3262
2023-01-26,72360.29650250163,0.0
2023-01-27,72360.29650250163,0.0
2023-01-28,72360.29650250163,0.0
2023-01-29,72360.29650250163,0.0
2023-01-30,72360.29650250163,0.0
2023-01-31,72360.29650250163,0.0
2023-02-01,72360.29650250163,0.0
2023-02-02,72360.29650250163,0.0
2023-02-03,72360.29650250163,0.0
2023-02-04,72360.29650250163,0.0
2023-02-05,72360.29650250163,0.0
2023-02-06,72360.29650250163,0.0
2023-02-07,72360.29650250163,0.0
2023-02-08,72360.29650250163,0.0
2023-02-09,72360.29650250163,0.0
2023-02-10,1082.377653651638,70671.2034
2023-02-11,1082.377653651638,70671.2034
2023-02-12,1082.377653651638,70671.2034
2023-02-13,1082.377653651638,70671.2034
2023-02-14,1082.377653651638,70671.2034
2023-02-15,76496.48388942837,0.0
2023-02-16,76496.48388942837,0.0
2023-02-17,76496.48388942837,0.0
2023-02-18,76496.48388942837,0.0
2023-02-19,76496.48388942837,0.0
2023-02-20,76496.48388942837,0.0
2023-02-21,76496.48388942837,0.0
2023-02-22,76496.48388942837,0.0
2023-02-23,76496.48388942837,0.0
2023-02-24,76496.48388942837,0.0
2023-02-25,76496.48388942837,0.0
2023-02-26,76496.48388942837,0.0
2023-02-27,76496.48388942837,0.0
2023-02-28,76496.48388942837,0.0
2023-03-01,76496.48388942837,0.0
2023-03-02,76496.48388942837,0.0
2023-03-03,76496.48388942837,0.0
2023-03-04,76496.48388942837,0.0
2023-03-05,76496.48388942837,0.0
2023-03-06,76496.48388942837,0.0
2023-03-07,76496.48388942837,0.0
2023-03-08,76496.48388942837,0.0
2023-03-09,1284.6822821783862,70506.85949999999
2023-03-10,1284.6822821783862,70506.85949999999
2023-03-11,1284.6822821783862,70506.85949999999
2023-03-12,1284.6822821783862,70506.85949999999
2023-03-13,85429.56019542838,0.0
2023-03-14,85429.56019542838,0.0
2023-03-15,1467.0999454283883,82579.2
2023-03-16,1467.0999454283883,82579.2
2023-03-17,94965.5458054284,0.0
2023-03-18,94965.5458054284,0.0
2023-03-19,94965.5458054284,0.0
2023-03-20,94965.5458054284,0.0
2023-03-21,94965.5458054284,0.0
2023-03-22,94965.5458054284,0.0
2023-03-23,94965.5458054284,0.0
2023-03-24,94965.5458054284,0.0
2023-03-25,1736.1103834284004,93211.0308
2023-03-26,1736.1103834284004,93211.0308
2023-03-27,1736.1103834284004,93211.0308
2023-03-28,1736.1103834284004,93211.0308
2023-03-29,1736.1103834284004,93211.0308
2023-03-30,100375.55806603467,0.0
2023-03-31,100375.55806603467,0.0
2023-04-01,100375.55806603467,0.0
2023-04-02,100375.55806603467,0.0
2023-04-03,100375.55806603467,0.0
2023-04-04,100375.55806603467,0.0
2023-04-05,100375.55806603467,0.0
2023-04-06,100375.55806603467,0.0
2023-04-07,100375.55806603467,0.0
2023-04-08,100375.55806603467,0.0
2023-04-09,100375.55806603467,0.0
2023-04-10,100375.55806603467,0.0
2023-04-11,100375.55806603467,0.0
2023-04-12,100375.55806603467,0.0
2023-04-13,100375.55806603467,0.0
2023-04-14,100375.55806603467,0.0
2023-04-15,100375.55806603467,0.0
2023-04-16,100375.55806603467,0.0
2023-04-17,100375.55806603467,0.0
2023-04-18,100375.55806603467,0.0
2023-04-19,100375.55806603467,0.0
2023-04-20,100375.55806603467,0.0
2023-04-21,100375.55806603467,0.0
2023-04-22,100375.55806603467,0.0
2023-04-23,100375.55806603467,0.0
2023-04-24,100375.55806603467,0.0
2023-04-25,100375.55806603467,0.0
2023-04-26,100375.55806603467,0.0
2023-04-27,100375.55806603467,0.0
2023-04-28,100375.55806603467,0.0
2023-04-29,100375.55806603467,0.0
2023-04-30,100375.55806603467,0.0
2023-05-01,100375.55806603467,0.0
2023-05-02,100375.55806603467,0.0
2023-05-03,100375.55806603467,0.0
2023-05-04,100375.55806603467,0.0
2023-05-05,100375.55806603467,0.0
2023-05-06,100375.55806603467,0.0
2023-05-07,100375.55806603467,0.0
2023-05-08,100375.55806603467,0.0
2023-05-09,100375.55806603467,0.0
2023-05-10,100375.55806603467,0.0
2023-05-11,100375.55806603467,0.0
2023-05-12,100375.55806603467,0.0
2023-05-13,100375.55806603467,0.0
2023-05-14,100375.55806603467,0.0
2023-05-15,100375.55806603467,0.0
2023-05-16,100375.55806603467,0.0
2023-05-17,100375.55806603467,0.0
2023-05-18,100375.55806603467,0.0
2023-05-19,100375.55806603467,0.0
2023-05-20,100375.55806603467,0.0
2023-05-21,100375.55806603467,0.0
2023-05-22,100375.55806603467,0.0
2023-05-23,100375.55806603467,0.0
2023-05-24,100375.55806603467,0.0
2023-05-25,1912.3650730346708,98967.132
2023-05-26,1912.3650730346708,98967.132
2023-05-27,1912.3650730346708,98967.132
2023-05-28,1912.3650730346708,98967.132
2023-05-29,1912.3650730346708,98967.132
2023-05-30,106089.28012065597,0.0
2023-05-31,106089.28012065597,0.0
2023-06-01,106089.28012065597,0.0
2023-06-02,106089.28012065597,0.0
2023-06-03,106089.28012065597,0.0
2023-06-04,106089.28012065597,0.0
2023-06-05,106089.28012065597,0.0
2023-06-06,2227.5350005559885,109893.1955
2023-06-07,2227.5350005559885,109893.1955
2023-06-08,2227.5350005559885,109893.1955
2023-06-09,2227.5350005559885,109893.1955
2023-06-10,2227.5350005559885,109893.1955
2023-06-11,2227.5350005559885,109893.1955
2023-06-12,2227.5350005559885,109893.1955
2023-06-13,2227.5350005559885,109893.1955
2023-06-14,2227.5350005559885,109893.1955
2023-06-15,2227.5350005559885,109893.1955
2023-06-16,2227.5350005559885,109893.1955
2023-06-17,2227.5350005559885,109893.1955
2023-06-18,2227.5350005559885,109893.1955
2023-06-19,2227.5350005559885,109893.1955
2023-06-20,112116.27483497893,0.0
2023-06-21,120548.65622773349,0.0
2023-06-22,120548.65622773349,0.0
2023-06-23,120548.65622773349,0.0
2023-06-24,120548.65622773349,0.0
2023-06-25,120548.65622773349,0.0
2023-06-26,120548.65622773349,0.0
2023-06-27,120548.65622773349,0.0
2023-06-28,120548.65622773349,0.0
2023-06-29,120548.65622773349,0.0
2023-06-30,120548.65622773349,0.0
2023-07-01,120548.65622773349,0.0
2023-07-02,120548.65622773349,0.0
2023-07-03,120548.65622773349,0.0
2023-07-04,120548.65622773349,0.0
2023-07-05,120548.65622773349,0.0
2023-07-06,120548.65622773349,0.0
2023-07-07,120548.65622773349,0.0
2023-07-08,120548.65622773349,0.0
2023-07-09,120548.65622773349,0.0
2023-07-10,120548.65622773349,0.0
2023-07-11,120548.65622773349,0.0
2023-07-12,120548.65622773349,0.0
2023-07-13,120548.65622773349,0.0
2023-07-14,120548.65622773349,0.0
2023-07-15,120548.65622773349,0.0
2023-07-16,120548.65622773349,0.0
2023-07-17,120548.65622773349,0.0
2023-07-18,120548.65622773349,0.0
2023-07-19,120548.65622773349,0.0
2023-07-20,120548.65622773349,0.0
2023-07-21,120548.65622773349,0.0
2023-07-22,120548.65622773349,0.0
2023-07-23,120548.65622773349,0.0
2023-07-24,120548.65622773349,0.0
2023-07-25,120548.65622773349,0.0
2023-07-26,120548.65622773349,0.0
2023-07-27,120548.65622773349,0.0
2023-07-28,120548.65622773349,0.0
2023-07-29,120548.65622773349,0.0
2023-07-30,120548.65622773349,0.0
2023-07-31,120548.65622773349,0.0
2023-08-01,120548.65622773349,0.0
2023-08-02,120548.65622773349,0.0
2023-08-03,120548.65622773349,0.0
2023-08-04,120548.65622773349,0.0
2023-08-05,120548.65622773349,0.0
2023-08-06,120548.65622773349,0.0
2023-08-07,120548.65622773349,0.0
2023-08-08,120548.65622773349,0.0
2023-08-09,120548.65622773349,0.0
2023-08-10,120548.65622773349,0.0
2023-08-11,120548.65622773349,0.0
2023-08-12,120548.65622773349,0.0
2023-08-13,120548.65622773349,0.0
2023-08-14,120548.65622773349,0.0
2023-08-15,120548.65622773349,0.0
2023-08-16,120548.65622773349,0.0
2023-08-17,120548.65622773349,0.0
2023-08-18,2821.728781033482,115158.16619999999
2023-08-19,2821.728781033482,115158.16619999999
2023-08-20,2821.728781033482,115158.16619999999
2023-08-21,2821.728781033482,115158.16619999999
2023-08-22,2821.728781033482,115158.16619999999
2023-08-23,2821.728781033482,115158.16619999999
2023-08-24,2821.728781033482,115158.16619999999
2023-08-25,2821.728781033482,115158.16619999999
2023-08-26,2821.728781033482,115158.16619999999
2023-08-27,2821.728781033482,115158.16619999999
2023-08-28,2821.728781033482,115158.16619999999
2023-08-29,127380.2338084324,0.0
2023-08-30,3055.4538841324247,122424.7344
2023-08-31,3055.4538841324247,122424.7344
2023-09-01,3055.4538841324247,122424.7344
2023-09-02,3055.4538841324247,122424.7344
2023-09-03,3055.4538841324247,122424.7344
2023-09-04,3055.4538841324247,122424.7344
2023-09-05,3055.4538841324247,122424.7344
2023-09-06,3055.4538841324247,122424.7344
2023-09-07,3055.4538841324247,122424.7344
2023-09-08,3055.4538841324247,122424.7344
2023-09-09,3055.4538841324247,122424.7344
2023-09-10,3055.4538841324247,122424.7344
2023-09-11,3055.4538841324247,122424.7344
2023-09-12,3055.4538841324247,122424.7344
2023-09-13,3055.4538841324247,122424.7344
2023-09-14,3055.4538841324247,122424.7344
2023-09-15,3055.4538841324247,122424.7344
2023-09-16,3055.4538841324247,122424.7344
2023-09-17,3055.4538841324247,122424.7344
2023-09-18,3055.4538841324247,122424.7344
2023-09-19,3055.4538841324247,122424.7344
2023-09-20,3055.4538841324247,122424.7344
2023-09-21,3055.4538841324247,122424.7344
2023-09-22,3055.4538841324247,122424.7344
2023-09-23,3055.4538841324247,122424.7344
2023-09-24,3055.4538841324247,122424.7344
2023-09-25,3055.4538841324247,122424.7344
2023-09-26,3055.4538841324247,122424.7344
2023-09-27,3055.4538841324247,122424.7344
2023-09-28,3055.4538841324247,122424.7344
2023-09-29,3055.4538841324247,122424.7344
2023-09-30,3055.4538841324247,122424.7344
2023-10-01,127504.62078184339,0.0
2023-10-02,127504.62078184339,0.0
2023-10-03,3325.7914963933727,123820.00400000002
2023-10-04,3325.7914963933727,123820.00400000002
2023-10-05,3325.7914963933727,123820.00400000002
2023-10-06,3325.7914963933727,123820.00400000002
2023-10-07,3325.7914963933727,123820.00400000002
2023-10-08,3325.7914963933727,123820.00400000002
2023-10-09,3325.7914963933727,123820.00400000002
2023-10-10,3325.7914963933727,123820.00400000002
2023-10-11,3325.7914963933727,123820.00400000002
2023-10-12,3325.7914963933727,123820.00400000002
2023-10-13,3325.7914963933727,123820.00400000002
2023-10-14,3325.7914963933727,123820.00400000002
2023-10-15,3325.7914963933727,123820.00400000002
2023-10-16,134710.59586794255,0.0
2023-10-17,134710.59586794255,0.0
2023-10-18,134710.59586794255,0.0
2023-10-19,134710.59586794255,0.0
2023-10-20,134710.59586794255,0.0
2023-10-21,134710.59586794255,0.0
2023-10-22,134710.59586794255,0.0
2023-10-23,134710.59586794255,0.0
2023-10-24,134710.59586794255,0.0
2023-10-25,134710.59586794255,0.0
2023-10-26,134710.59586794255,0.0
2023-10-27,134710.59586794255,0.0
2023-10-28,134710.59586794255,0.0
2023-10-29,134710.59586794255,0.0
2023-10-30,134710.59586794255,0.0
2023-10-31,134710.59586794255,0.0
2023-11-01,134710.59586794255,0.0
2023-11-02,134710.59586794255,0.0
2023-11-03,134710.59586794255,0.0
2023-11-04,134710.59586794255,0.0
2023-11-05,134710.59586794255,0.0
2023-11-06,134710.59586794255,0.0
2023-11-07,134710.59586794255,0.0
2023-11-08,134710.59586794255,0.0
2023-11-09,134710.59586794255,0.0
2023-11-10,134710.59586794255,0.0
2023-11-11,134710.59586794255,0.0
2023-11-12,134710.59586794255,0.0
2023-11-13,134710.59586794255,0.0
2023-11-14,134710.59586794255,0.0
2023-11-15,134710.59586794255,0.0
2023-11-16,134710.59586794255,0.0
2023-11-17,134710.59586794255,0.0
2023-11-18,134710.59586794255,0.0
2023-11-19,134710.59586794255,0.0
2023-11-20,134710.59586794255,0.0
2023-11-21,134710.59586794255,0.0
2023-11-22,134710.59586794255,0.0
2023-11-23,134710.59586794255,0.0
2023-11-24,134710.59586794255,0.0
2023-11-25,134710.59586794255,0.0
2023-11-26,134710.59586794255,0.0
2023-11-27,134710.59586794255,0.0
2023-11-28,3654.4813583425566,133022.96779999998
2023-11-29,3654.4813583425566,133022.96779999998
2023-11-30,3654.4813583425566,133022.96779999998
2023-12-01,3654.4813583425566,133022.96779999998
2023-12-02,3654.4813583425566,133022.96779999998
2023-12-03,142315.6530380844,0.0
2023-12-04,142315.6530380844,0.0
2023-12-05,142315.6530380844,0.0
2023-12-06,142315.6530380844,0.0
2023-12-07,142315.6530380844,0.0
2023-12-08,142315.6530380844,0.0
2023-12-09,142315.6530380844,0.0
2023-12-10,142315.6530380844,0.0
2023-12-11,142315.6530380844,0.0
2023-12-12,142315.6530380844,0.0
2023-12-13,142315.6530380844,0.0
2023-12-14,142315.6530380844,0.0
2023-12-15,142315.6530380844,0.0
2023-12-16,142315.6530380844,0.0
2023-12-17,142315.6530380844,0.0
2023-12-18,142315.6530380844,0.0
2023-12-19,142315.6530380844,0.0
2023-12-20,142315.6530380844,0.0
2023-12-21,142315.6530380844,0.0
2023-12-22,142315.6530380844,0.0
2023-12-23,142315.6530380844,0.0
2023-12-24,142315.6530380844,0.0
2023-12-25,142315.6530380844,0.0
2023-12-26,142315.6530380844,0.0
2023-12-27,142315.6530380844,0.0
2023-12-28,142315.6530380844,0.0
2023-12-29,142315.6530380844,0.0
2023-12-30,142315.6530380844,0.0
2023-12-31,142315.6530380844,0.0
2024-01-01,142315.6530380844,0.0
2024-01-02,142315.6530380844,0.0
2024-01-03,142315.6530380844,0.0
2024-01-04,142315.6530380844,0.0
2024-01-05,142315.6530380844,0.0
2024-01-06,142315.6530380844,0.0
2024-01-07,142315.6530380844,0.0
2024-01-08,142315.6530380844,0.0
2024-01-09,142315.6530380844,0.0
2024-01-10,142315.6530380844,0.0
2024-01-11,142315.6530380844,0.0
2024-01-12,142315.6530380844,0.0
2024-01-13,142315.6530380844,0.0
2024-01-14,142315.6530380844,0.0
2024-01-15,142315.6530380844,0.0
2024-01-16,142315.6530380844,0.0
2024-01-17,142315.6530380844,0.0
2024-01-18,142315.6530380844,0.0
2024-01-19,142315.6530380844,0.0
2024-01-20,142315.6530380844,0.0
2024-01-21,142315.6530380844,0.0
2024-01-22,142315.6530380844,0.0
2024-01-23,142315.6530380844,0.0
2024-01-24,142315.6530380844,0.0
2024-01-25,142315.6530380844,0.0
2024-01-26,142315.6530380844,0.0
2024-01-27,142315.6530380844,0.0
2024-01-28,142315.6530380844,0.0
2024-01-29,142315.6530380844,0.0
2024-01-30,142315.6530380844,0.0
2024-01-31,142315.6530380844,0.0
2024-02-01,142315.6530380844,0.0
2024-02-02,142315.6530380844,0.0
2024-02-03,142315.6530380844,0.0
2024-02-04,142315.6530380844,0.0
2024-02-05,142315.6530380844,0.0
2024-02-06,142315.6530380844,0.0
2024-02-07,142315.6530380844,0.0
2024-02-08,142315.6530380844,0.0
2024-02-09,142315.6530380844,0.0
2024-02-10,142315.6530380844,0.0
2024-02-11,142315.6530380844,0.0
2024-02-12,142315.6530380844,0.0
2024-02-13,142315.6530380844,0.0
2024-02-14,142315.6530380844,0.0
2024-02-15,142315.6530380844,0.0
2024-02-16,142315.6530380844,0.0
2024-02-17,142315.6530380844,0.0
2024-02-18,142315.6530380844,0.0
2024-02-19,142315.6530380844,0.0
2024-02-20,142315.6530380844,0.0
2024-02-21,142315.6530380844,0.0
2024-02-22,142315.6530380844,0.0
2024-02-23,142315.6530380844,0.0
2024-02-24,142315.6530380844,0.0
2024-02-25,142315.6530380844,0.0
2024-02-26,142315.6530380844,0.0
2024-02-27,142315.6530380844,0.0
2024-02-28,142315.6530380844,0.0
2024-02-29,142315.6530380844,0.0
2024-03-01,142315.6530380844,0.0
2024-03-02,142315.6530380844,0.0
2024-03-03,142315.6530380844,0.0
2024-03-04,142315.6530380844,0.0
2024-03-05,142315.6530380844,0.0
2024-03-06,142315.6530380844,0.0
2024-03-07,142315.6530380844,0.0
2024-03-08,142315.6530380844,0.0
2024-03-09,142315.6530380844,0.0
2024-03-10,142315.6530380844,0.0
2024-03-11,142315.6530380844,0.0
2024-03-12,142315.6530380844,0.0
2024-03-13,142315.6530380844,0.0
2024-03-14,142315.6530380844,0.0
2024-03-15,142315.6530380844,0.0
2024-03-16,142315.6530380844,0.0
2024-03-17,142315.6530380844,0.0
2024-03-18,142315.6530380844,0.0
2024-03-19,142315.6530380844,0.0
2024-03-20,142315.6530380844,0.0
2024-03-21,142315.6530380844,0.0
2024-03-22,142315.6530380844,0.0
2024-03-23,142315.6530380844,0.0
2024-03-24,142315.6530380844,0.0
2024-03-25,142315.6530380844,0.0
2024-03-26,142315.6530380844,0.0
2024-03-27,142315.6530380844,0.0
2024-03-28,142315.6530380844,0.0
2024-03-29,142315.6530380844,0.0
2024-03-30,142315.6530380844,0.0
2024-03-31,142315.6530380844,0.0
2024-04-01,142315.6530380844,0.0
2024-04-02,142315.6530380844,0.0
2024-04-03,142315.6530380844,0.0
2024-04-04,142315.6530380844,0.0
2024-04-05,142315.6530380844,0.0
2024-04-06,142315.6530380844,0.0
2024-04-07,142315.6530380844,0.0
2024-04-08,142315.6530380844,0.0
2024-04-09,142315.6530380844,0.0
2024-04-10,142315.6530380844,0.0
2024-04-11,142315.6530380844,0.0
2024-04-12,142315.6530380844,0.0
2024-04-13,142315.6530380844,0.0
2024-04-14,142315.6530380844,0.0
2024-04-15,142315.6530380844,0.0
2024-04-16,142315.6530380844,0.0
2024-04-17,142315.6530380844,0.0
2024-04-18,142315.6530380844,0.0
2024-04-19,142315.6530380844,0.0
2024-04-20,142315.6530380844,0.0
2024-04-21,142315.6530380844,0.0
2024-04-22,142315.6530380844,0.0
2024-04-23,142315.6530380844,0.0
2024-04-24,142315.6530380844,0.0
2024-04-25,142315.6530380844,0.0
2024-04-26,142315.6530380844,0.0
2024-04-27,142315.6530380844,0.0
2024-04-28,142315.6530380844,0.0
2024-04-29,142315.6530380844,0.0
2024-04-30,142315.6530380844,0.0
2024-05-01,142315.6530380844,0.0
2024-05-02,142315.6530380844,0.0
2024-05-03,142315.6530380844,0.0
2024-05-04,142315.6530380844,0.0
2024-05-05,142315.6530380844,0.0
2024-05-06,142315.6530380844,0.0
2024-05-07,142315.6530380844,0.0
2024-05-08,142315.6530380844,0.0
2024-05-09,142315.6530380844,0.0
2024-05-10,142315.6530380844,0.0
2024-05-11,142315.6530380844,0.0
2024-05-12,142315.6530380844,0.0
2024-05-13,142315.6530380844,0.0
2024-05-14,142315.6530380844,0.0
2024-05-15,4065.6901018343924,148563.773
2024-05-16,4065.6901018343924,148563.773
2024-05-17,153941.80771033443,0.0
2024-05-18,153941.80771033443,0.0
2024-05-19,153941.80771033443,0.0
2024-05-20,153941.80771033443,0.0
2024-05-21,153941.80771033443,0.0
2024-05-22,153941.80771033443,0.0
2024-05-23,153941.80771033443,0.0
2024-05-24,153941.80771033443,0.0
2024-05-25,153941.80771033443,0.0
2024-05-26,153941.80771033443,0.0
2024-05-27,153941.80771033443,0.0
2024-05-28,153941.80771033443,0.0
2024-05-29,153941.80771033443,0.0
2024-05-30,153941.80771033443,0.0
2024-05-31,153941.80771033443,0.0
2024-06-01,153941.80771033443,0.0
2024-06-02,153941.80771033443,0.0
2024-06-03,153941.80771033443,0.0
2024-06-04,153941.80771033443,0.0
2024-06-05,153941.80771033443,0.0
2024-06-06,153941.80771033443,0.0
2024-06-07,153941.80771033443,0.0
2024-06-08,153941.80771033443,0.0
2024-06-09,153941.80771033443,0.0
2024-06-10,153941.80771033443,0.0
2024-06-11,153941.80771033443,0.0
2024-06-12,153941.80771033443,0.0
2024-06-13,153941.80771033443,0.0
2024-06-14,153941.80771033443,0.0
2024-06-15,153941.80771033443,0.0
2024-06-16,153941.80771033443,0.0
2024-06-17,153941.80771033443,0.0
2024-06-18,153941.80771033443,0.0
2024-06-19,153941.80771033443,0.0
2024-06-20,153941.80771033443,0.0
2024-06-21,153941.80771033443,0.0
2024-06-22,153941.80771033443,0.0
2024-06-23,153941.80771033443,0.0
2024-06-24,153941.80771033443,0.0
2024-06-25,153941.80771033443,0.0
2024-06-26,153941.80771033443,0.0
2024-06-27,153941.80771033443,0.0
2024-06-28,153941.80771033443,0.0
2024-06-29,153941.80771033443,0.0
2024-06-30,153941.80771033443,0.0
2024-07-01,153941.80771033443,0.0
2024-07-02,153941.80771033443,0.0
2024-07-03,153941.80771033443,0.0
2024-07-04,153941.80771033443,0.0
2024-07-05,153941.80771033443,0.0
2024-07-06,4373.520039884432,153748.456
2024-07-07,4373.520039884432,153748.456
2024-07-08,4373.520039884432,153748.456
2024-07-09,4373.520039884432,153748.456
2024-07-10,4373.520039884432,153748.456
2024-07-11,4373.520039884432,153748.456
2024-07-12,4373.520039884432,153748.456
2024-07-13,4373.520039884432,153748.456
2024-07-14,162621.10804538804,0.0
2024-07-15,162621.10804538804,0.0
2024-07-16,162621.10804538804,0.0
2024-07-17,162621.10804538804,0.0
2024-07-18,162621.10804538804,0.0
2024-07-19,162621.10804538804,0.0
2024-07-20,162621.10804538804,0.0
2024-07-21,162621.10804538804,0.0
2024-07-22,162621.10804538804,0.0
2024-07-23,162621.10804538804,0.0
2024-07-24,162621.10804538804,0.0
2024-07-25,162621.10804538804,0.0
2024-07-26,162621.10804538804,0.0
2024-07-27,162621.10804538804,0.0
2024-07-28,162621.10804538804,0.0
2024-07-29,162621.10804538804,0.0
2024-07-30,162621.10804538804,0.0
2024-07-31,162621.10804538804,0.0
2024-08-01,162621.10804538804,0.0
2024-08-02,162621.10804538804,0.0
2024-08-03,162621.10804538804,0.0
2024-08-04,162621.10804538804,0.0
2024-08-05,162621.10804538804,0.0
2024-08-06,162621.10804538804,0.0
2024-08-07,162621.10804538804,0.0
2024-08-08,162621.10804538804,0.0
2024-08-09,162621.10804538804,0.0
2024-08-10,162621.10804538804,0.0
2024-08-11,162621.10804538804,0.0
2024-08-12,162621.10804538804,0.0
2024-08-13,162621.10804538804,0.0
2024-08-14,162621.10804538804,0.0
2024-08-15,162621.10804538804,0.0
2024-08-16,162621.10804538804,0.0
2024-08-17,162621.10804538804,0.0
2024-08-18,162621.10804538804,0.0
2024-08-19,162621.10804538804,0.0
2024-08-20,162621.10804538804,0.0
2024-08-21,4881.520566838066,163373.76
2024-08-22,4881.520566838066,163373.76
2024-08-23,176975.07434183804,0.0
2024-08-24,176975.07434183804,0.0
2024-08-25,176975.07434183804,0.0
2024-08-26,176975.07434183804,0.0
2024-08-27,176975.07434183804,0.0
2024-08-28,176975.07434183804,0.0
2024-08-29,176975.07434183804,0.0
2024-08-30,176975.07434183804,0.0
2024-08-31,176975.07434183804,0.0
2024-09-01,176975.07434183804,0.0
2024-09-02,176975.07434183804,0.0
2024-09-03,176975.07434183804,0.0
2024-09-04,176975.07434183804,0.0
2024-09-05,176975.07434183804,0.0
2024-09-06,5195.676966538071,164910.9066
2024-09-07,5195.676966538071,164910.9066
2024-09-08,5195.676966538071,164910.9066
2024-09-09,5195.676966538071,164910.9066
2024-09-10,5195.676966538071,164910.9066
2024-09-11,5195.676966538071,164910.9066
2024-09-12,5195.676966538071,164910.9066
2024-09-13,186943.26348417663,0.0
2024-09-14,186943.26348417663,0.0
2024-09-15,186943.26348417663,0.0
2024-09-16,186943.26348417663,0.0
2024-09-17,186943.26348417663,0.0
2024-09-18,186943.26348417663,0.0
2024-09-19,186943.26348417663,0.0
2024-09-20,186943.26348417663,0.0
2024-09-21,186943.26348417663,0.0
2024-09-22,186943.26348417663,0.0
2024-09-23,186943.26348417663,0.0
2024-09-24,186943.26348417663,0.0
2024-09-25,186943.26348417663,0.0
2024-09-26,186943.26348417663,0.0
2024-09-27,186943.26348417663,0.0
2024-09-28,186943.26348417663,0.0
2024-09-29,186943.26348417663,0.0
2024-09-30,186943.26348417663,0.0
2024-10-01,186943.26348417663,0.0
2024-10-02,186943.26348417663,0.0
2024-10-03,186943.26348417663,0.0
2024-10-04,186943.26348417663,0.0
2024-10-05,186943.26348417663,0.0
2024-10-06,186943.26348417663,0.0
2024-10-07,186943.26348417663,0.0
2024-10-08,186943.26348417663,0.0
2024-10-09,186943.26348417663,0.0
2024-10-10,186943.26348417663,0.0
2024-10-11,186943.26348417663,0.0
2024-10-12,186943.26348417663,0.0
2024-10-13,186943.26348417663,0.0
2024-10-14,186943.26348417663,0.0
2024-10-15,186943.26348417663,0.0
2024-10-16,186943.26348417663,0.0
2024-10-17,186943.26348417663,0.0
2024-10-18,186943.26348417663,0.0
2024-10-19,186943.26348417663,0.0
2024-10-20,186943.26348417663,0.0
2024-10-21,186943.26348417663,0.0
2024-10-22,186943.26348417663,0.0
2024-10-23,186943.26348417663,0.0
2024-10-24,186943.26348417663,0.0
2024-10-25,186943.26348417663,0.0
2024-10-26,186943.26348417663,0.0
2024-10-27,186943.26348417663,0.0
2024-10-28,186943.26348417663,0.0
2024-10-29,186943.26348417663,0.0
2024-10-30,186943.26348417663,0.0
2024-10-31,186943.26348417663,0.0
2024-11-01,186943.26348417663,0.0
2024-11-02,186943.26348417663,0.0
2024-11-03,186943.26348417663,0.0
2024-11-04,186943.26348417663,0.0
2024-11-05,186943.26348417663,0.0
2024-11-06,186943.26348417663,0.0
2024-11-07,186943.26348417663,0.0
2024-11-08,186943.26348417663,0.0
2024-11-09,186943.26348417663,0.0
2024-11-10,186943.26348417663,0.0
2024-11-11,186943.26348417663,0.0
2024-11-12,186943.26348417663,0.0
2024-11-13,186943.26348417663,0.0
2024-11-14,186943.26348417663,0.0
2024-11-15,186943.26348417663,0.0
2024-11-16,186943.26348417663,0.0
2024-11-17,186943.26348417663,0.0
2024-11-18,186943.26348417663,0.0
2024-11-19,186943.26348417663,0.0
2024-11-20,186943.26348417663,0.0
2024-11-21,186943.26348417663,0.0
2024-11-22,186943.26348417663,0.0
2024-11-23,186943.26348417663,0.0
2024-11-24,186943.26348417663,0.0
2024-11-25,186943.26348417663,0.0
2024-11-26,186943.26348417663,0.0
2024-11-27,186943.26348417663,0.0
2024-11-28,186943.26348417663,0.0
2024-11-29,186943.26348417663,0.0
2024-11-30,186943.26348417663,0.0
2024-12-01,186943.26348417663,0.0
2024-12-02,186943.26348417663,0.0
2024-12-03,186943.26348417663,0.0
2024-12-04,186943.26348417663,0.0
2024-12-05,186943.26348417663,0.0
2024-12-06,186943.26348417663,0.0
2024-12-07,186943.26348417663,0.0
2024-12-08,186943.26348417663,0.0
2024-12-09,186943.26348417663,0.0
2024-12-10,186943.26348417663,0.0
2024-12-11,186943.26348417663,0.0
2024-12-12,186943.26348417663,0.0
2024-12-13,186943.26348417663,0.0
2024-12-14,186943.26348417663,0.0
2024-12-15,186943.26348417663,0.0
2024-12-16,186943.26348417663,0.0
2024-12-17,186943.26348417663,0.0
2024-12-18,186943.26348417663,0.0
2024-12-19,186943.26348417663,0.0
2024-12-20,186943.26348417663,0.0
2024-12-21,186943.26348417663,0.0
2024-12-22,186943.26348417663,0.0
2024-12-23,186943.26348417663,0.0
2024-12-24,186943.26348417663,0.0
2024-12-25,186943.26348417663,0.0
2024-12-26,186943.26348417663,0.0
2024-12-27,186943.26348417663,0.0
2024-12-28,186943.26348417663,0.0
2024-12-29,186943.26348417663,0.0
2024-12-30,186943.26348417663,0.0
2024-12-31,186943.26348417663,0.0
2025-01-01,186943.26348417663,0.0
2025-01-02,186943.26348417663,0.0
2025-01-03,186943.26348417663,0.0
2025-01-04,186943.26348417663,0.0
2025-01-05,186943.26348417663,0.0
2025-01-06,186943.26348417663,0.0
2025-01-07,186943.26348417663,0.0
2025-01-08,186943.26348417663,0.0
2025-01-09,186943.26348417663,0.0
2025-01-10,186943.26348417663,0.0
2025-01-11,186943.26348417663,0.0
2025-01-12,186943.26348417663,0.0
2025-01-13,186943.26348417663,0.0
2025-01-14,186943.26348417663,0.0
2025-01-15,186943.26348417663,0.0
2025-01-16,186943.26348417663,0.0
2025-01-17,186943.26348417663,0.0
2025-01-18,186943.26348417663,0.0
2025-01-19,186943.26348417663,0.0
2025-01-20,186943.26348417663,0.0
2025-01-21,186943.26348417663,0.0
2025-01-22,186943.26348417663,0.0
2025-01-23,186943.26348417663,0.0
2025-01-24,186943.26348417663,0.0
2025-01-25,186943.26348417663,0.0
2025-01-26,186943.26348417663,0.0
2025-01-27,186943.26348417663,0.0
2025-01-28,186943.26348417663,0.0
2025-01-29,186943.26348417663,0.0
2025-01-30,186943.26348417663,0.0
2025-01-31,186943.26348417663,0.0
2025-02-01,186943.26348417663,0.0
2025-02-02,186943.26348417663,0.0
2025-02-03,186943.26348417663,0.0
2025-02-04,186943.26348417663,0.0
2025-02-05,186943.26348417663,0.0
2025-02-06,186943.26348417663,0.0
2025-02-07,186943.26348417663,0.0
2025-02-08,186943.26348417663,0.0
2025-02-09,186943.26348417663,0.0
2025-02-10,186943.26348417663,0.0
2025-02-11,186943.26348417663,0.0
2025-02-12,186943.26348417663,0.0
2025-02-13,186943.26348417663,0.0
2025-02-14,186943.26348417663,0.0
2025-02-15,186943.26348417663,0.0
2025-02-16,186943.26348417663,0.0
2025-02-17,186943.26348417663,0.0
2025-02-18,186943.26348417663,0.0
2025-02-19,186943.26348417663,0.0
2025-02-20,186943.26348417663,0.0
2025-02-21,186943.26348417663,0.0
2025-02-22,186943.26348417663,0.0
2025-02-23,186943.26348417663,0.0
2025-02-24,186943.26348417663,0.0
2025-02-25,5379.273357426631,175771.3353
2025-02-26,5379.273357426631,175771.3353
2025-02-27,5379.273357426631,175771.3353
2025-02-28,5379.273357426631,175771.3353
2025-03-01,5379.273357426631,175771.3353
2025-03-02,5379.273357426631,175771.3353
2025-03-03,192314.92047042664,0.0
2025-03-04,192314.92047042664,0.0
2025-03-05,5689.920403326687,193630.3218
2025-03-06,5689.920403326687,193630.3218
2025-03-07,5689.920403326687,193630.3218
2025-03-08,5689.920403326687,193630.3218
2025-03-09,5689.920403326687,193630.3218
2025-03-10,5689.920403326687,193630.3218
2025-03-11,5689.920403326687,193630.3218
2025-03-12,5689.920403326687,193630.3218
2025-03-13,5689.920403326687,193630.3218
2025-03-14,5689.920403326687,193630.3218
2025-03-15,5689.920403326687,193630.3218
2025-03-16,5689.920403326687,193630.3218
2025-03-17,5689.920403326687,193630.3218
2025-03-18,5689.920403326687,193630.3218
2025-03-19,5689.920403326687,193630.3218
2025-03-20,5689.920403326687,193630.3218
2025-03-21,5689.920403326687,193630.3218
2025-03-22,5689.920403326687,193630.3218
2025-03-23,5689.920403326687,193630.3218
2025-03-24,192501.63882967332,0.0
2025-03-25,192501.63882967332,0.0
2025-03-26,192501.63882967332,0.0
2025-03-27,192501.63882967332,0.0
2025-03-28,192501.63882967332,0.0
2025-03-29,192501.63882967332,0.0
2025-03-30,192501.63882967332,0.0
2025-03-31,192501.63882967332,0.0
2025-04-01,192501.63882967332,0.0
2025-04-02,192501.63882967332,0.0
2025-04-03,192501.63882967332,0.0
2025-04-04,192501.63882967332,0.0
2025-04-05,192501.63882967332,0.0
2025-04-06,192501.63882967332,0.0
2025-04-07,6153.633790873311,188036.63999999998
2025-04-08,6153.633790873311,188036.63999999998
2025-04-09,6153.633790873311,188036.63999999998
2025-04-10,6153.633790873311,188036.63999999998
2025-04-11,6153.633790873311,188036.63999999998
2025-04-12,203315.22991746754,0.0
2025-04-13,203315.22991746754,0.0
2025-04-14,203315.22991746754,0.0
2025-04-15,203315.22991746754,0.0
2025-04-16,203315.22991746754,0.0
2025-04-17,203315.22991746754,0.0
2025-04-18,203315.22991746754,0.0
2025-04-19,203315.22991746754,0.0
2025-04-20,203315.22991746754,0.0
2025-04-21,203315.22991746754,0.0
2025-04-22,203315.22991746754,0.0
2025-04-23,203315.22991746754,0.0
2025-04-24,203315.22991746754,0.0
2025-04-25,203315.22991746754,0.0
2025-04-26,203315.22991746754,0.0
2025-04-27,203315.22991746754,0.0
2025-04-28,203315.22991746754,0.0
2025-04-29,203315.22991746754,0.0
2025-04-30,203315.22991746754,0.0
2025-05-01,203315.22991746754,0.0
2025-05-02,203315.22991746754,0.0
2025-05-03,203315.22991746754,0.0
2025-05-04,203315.22991746754,0.0
2025-05-05,203315.22991746754,0.0
2025-05-06,203315.22991746754,0.0
2025-05-07,203315.22991746754,0.0
2025-05-08,203315.22991746754,0.0
2025-05-09,203315.22991746754,0.0
2025-05-10,203315.22991746754,0.0
2025-05-11,203315.22991746754,0.0
2025-05-12,203315.22991746754,0.0
2025-05-13,203315.22991746754,0.0
2025-05-14,203315.22991746754,0.0
2025-05-15,203315.22991746754,0.0
2025-05-16,203315.22991746754,0.0
2025-05-17,203315.22991746754,0.0
2025-05-18,203315.22991746754,0.0
2025-05-19,203315.22991746754,0.0
2025-05-20,203315.22991746754,0.0
2025-05-21,203315.22991746754,0.0
2025-05-22,203315.22991746754,0.0
2025-05-23,203315.22991746754,0.0
2025-05-24,203315.22991746754,0.0
2025-05-25,203315.22991746754,0.0
2025-05-26,203315.22991746754,0.0
2025-05-27,203315.22991746754,0.0
2025-05-28,203315.22991746754,0.0
2025-05-29,203315.22991746754,0.0
2025-05-30,203315.22991746754,0.0
2025-05-31,203315.22991746754,0.0
2025-06-01,203315.22991746754,0.0
2025-06-02,203315.22991746754,0.0
2025-06-03,203315.22991746754,0.0
2025-06-04,203315.22991746754,0.0
2025-06-05,203315.22991746754,0.0
2025-06-06,203315.22991746754,0.0
2025-06-07,203315.22991746754,0.0
2025-06-08,203315.22991746754,0.0
2025-06-09,203315.22991746754,0.0
2025-06-10,203315.22991746754,0.0
2025-06-11,203315.22991746754,0.0
2025-06-12,203315.22991746754,0.0
2025-06-13,203315.22991746754,0.0
2025-06-14,203315.22991746754,0.0
2025-06-15,203315.22991746754,0.0
2025-06-16,203315.22991746754,0.0
2025-06-17,203315.22991746754,0.0
2025-06-18,203315.22991746754,0.0
2025-06-19,203315.22991746754,0.0
2025-06-20,203315.22991746754,0.0
