time_stamp,回撤比率%
1511913600.0,-0.0
1512000000.0,-0.29345449127488044
1512086400.0,-0.0
1512172800.0,-0.0
1512259200.0,-0.29593753643584453
1512345600.0,-0.0
1512432000.0,-0.2782163807913102
1512518400.0,-0.7045714619191588
1512604800.0,-0.992064322018447
1512691200.0,-0.0
1512777600.0,-0.0
1512864000.0,-0.0
1512950400.0,-0.0
1513036800.0,-0.0
1513209600.0,-0.0
1513296000.0,-0.0
1513382400.0,-0.0
1513468800.0,-0.0
1513555200.0,-0.0
1513641600.0,-0.0
1513728000.0,-0.0
1513814400.0,-0.0
1513900800.0,-0.0
1513987200.0,-0.0
1514073600.0,-0.27831831106500327
1514160000.0,-4.099949341142256
1514246400.0,-4.099949341142256
1514332800.0,-4.099949341142256
1514419200.0,-4.099949341142256
1514505600.0,-4.099949341142256
1514592000.0,-4.099949341142256
1514678400.0,-4.099949341142256
1514764800.0,-4.372357457760878
1514851200.0,-7.3127521646468425
1514937600.0,-7.571132485802734
1515024000.0,-5.378129381338921
1515110400.0,-5.378129381338921
1515196800.0,-5.378129381338921
1515283200.0,-5.378129381338921
1515369600.0,-5.378129381338921
1515456000.0,-5.378129381338921
1515542400.0,-5.378129381338921
1515628800.0,-5.378129381338921
1515715200.0,-5.378129381338921
1515801600.0,-5.65025642671656
1515888000.0,-3.454791179101425
1515974400.0,-3.454791179101425
1516060800.0,-3.454791179101425
1516147200.0,-3.454791179101425
1516233600.0,-3.7222849051153952
1516320000.0,-4.976474525423356
1516406400.0,-5.251944237841782
1516492800.0,-0.0
1516579200.0,-0.264405391421167
1516665600.0,-6.183807807251032
1516752000.0,-6.183807807251032
1516838400.0,-6.183807807251032
1516924800.0,-6.183807807251032
1517011200.0,-6.183807807251032
1517097600.0,-6.183807807251032
1517184000.0,-6.183807807251032
1517270400.0,-6.183807807251032
1517356800.0,-6.5518009801407855
1517443200.0,-0.0
1517529600.0,-0.0
1517616000.0,-2.59507354449067
1517702400.0,-0.0
1517788800.0,-0.0
1517875200.0,-6.36081388756145
1517961600.0,-6.36081388756145
1518048000.0,-6.36081388756145
1518134400.0,-6.36081388756145
1518220800.0,-6.36081388756145
1518307200.0,-6.36081388756145
1518393600.0,-6.36081388756145
1518480000.0,-6.36081388756145
1518566400.0,-6.36081388756145
1518652800.0,-6.748311044235127
1518739200.0,-7.111069328221152
1518825600.0,-15.215853094119533
1518912000.0,-9.922446029112873
1518998400.0,-16.60006233564517
1519084800.0,-16.7146175832197
1519171200.0,-10.041774412002995
1519257600.0,-4.06103586154911
1519344000.0,-7.492920153469569
1519430400.0,-2.460126276694951
1519516800.0,-1.107897041783879
1519603200.0,-8.38072332217221
1519689600.0,-11.893750914457968
1519776000.0,-8.323445698384955
1519862400.0,-14.456924578938215
1519948800.0,-15.26358444727556
1520035200.0,-19.48303606627096
1520121600.0,-20.160821281086953
1520208000.0,-20.251510852083456
1520294400.0,-12.041718109241724
1520380800.0,-4.386086376541796
1520467200.0,-0.0
1520553600.0,-0.0
1520640000.0,-0.0
1520726400.0,-6.094152425920279
1520812800.0,-2.6212474812680666
1520899200.0,-3.091034181557217
1520985600.0,-0.0
1521072000.0,-1.0132804284026797
1521158400.0,-1.0132804284026797
1521244800.0,-1.0132804284026797
1521331200.0,-1.0132804284026797
1521417600.0,-1.0132804284026797
1521504000.0,-1.0132804284026797
1521590400.0,-1.0132804284026797
1521676800.0,-1.0132804284026797
1521763200.0,-1.0132804284026797
1521849600.0,-1.0132804284026797
1521936000.0,-1.0132804284026797
1522022400.0,-1.0132804284026797
1522108800.0,-1.0132804284026797
1522195200.0,-1.0132804284026797
1522281600.0,-1.0132804284026797
1522368000.0,-1.0132804284026797
1522454400.0,-1.0132804284026797
1522540800.0,-1.0132804284026797
1522627200.0,-1.0132804284026797
1522713600.0,-1.0132804284026797
1522800000.0,-1.0132804284026797
1522886400.0,-1.0132804284026797
1522972800.0,-1.0132804284026797
1523059200.0,-1.0132804284026797
1523145600.0,-1.0132804284026797
1523232000.0,-1.0132804284026797
1523318400.0,-1.0132804284026797
1523404800.0,-1.0132804284026797
1523491200.0,-1.0132804284026797
1523577600.0,-1.0132804284026797
1523664000.0,-1.0132804284026797
1523750400.0,-1.0132804284026797
1523836800.0,-1.0132804284026797
1523923200.0,-1.0132804284026797
1524009600.0,-1.0132804284026797
1524096000.0,-1.0132804284026797
1524182400.0,-1.0132804284026797
1524268800.0,-1.0132804284026797
1524355200.0,-1.0132804284026797
1524441600.0,-1.0132804284026797
1524528000.0,-1.0132804284026797
1524614400.0,-1.3754773607800008
1524700800.0,-2.8282731889480477
1524787200.0,-1.7461907790021935
1524873600.0,-4.485462361216976
1524960000.0,-5.281494282237325
1525046400.0,-2.9309708250771678
1525132800.0,-1.7461907790021935
1525219200.0,-3.5907405166969295
1525305600.0,-7.868472784533806
1525392000.0,-8.611402513214218
1525478400.0,-9.704506132890995
1525564800.0,-7.598453146126004
1525651200.0,-4.047619756451837
1525737600.0,-3.48052841938762
1525824000.0,-4.457408372810958
1525910400.0,-2.1599871079907262
1525996800.0,-0.0
1526083200.0,-0.43180735073026066
1526169600.0,-2.8503114925143405
1526256000.0,-2.452972134303592
1526342400.0,-0.08616998129872576
1526428800.0,-0.0
1526515200.0,-0.0
1526601600.0,-1.4491648635250403
1526688000.0,-1.4491648635250403
1526774400.0,-1.4491648635250403
1526860800.0,-1.4491648635250403
1526947200.0,-1.4491648635250403
1527033600.0,-1.4491648635250403
1527120000.0,-1.4491648635250403
1527206400.0,-1.4491648635250403
1527292800.0,-1.4491648635250403
1527379200.0,-1.4491648635250403
1527465600.0,-1.4491648635250403
1527552000.0,-1.4491648635250403
1527638400.0,-1.4491648635250403
1527724800.0,-1.4491648635250403
1527811200.0,-1.4491648635250403
1527897600.0,-1.4491648635250403
1527984000.0,-1.4491648635250403
1528070400.0,-1.4491648635250403
1528156800.0,-1.844687468114091
1528243200.0,-2.2708603688022313
1528329600.0,-2.222932109454318
1528416000.0,-2.200911017321503
1528502400.0,-1.3641095162742893
1528588800.0,-0.0
1528675200.0,-0.8376111963945917
1528761600.0,-0.0
1528848000.0,-0.0
1528934400.0,-3.2377029037251863
1529020800.0,-3.2377029037251863
1529107200.0,-3.2377029037251863
1529193600.0,-3.2377029037251863
1529280000.0,-3.2377029037251863
1529366400.0,-3.2377029037251863
1529452800.0,-3.2377029037251863
1529539200.0,-3.2377029037251863
1529625600.0,-3.2377029037251863
1529712000.0,-3.2377029037251863
1529798400.0,-3.2377029037251863
1529884800.0,-3.2377029037251863
1529971200.0,-3.2377029037251863
1530057600.0,-3.2377029037251863
1530144000.0,-3.6094951172803014
1530230400.0,-8.746555983844837
1530316800.0,-8.746555983844837
1530403200.0,-8.746555983844837
1530489600.0,-8.746555983844837
1530576000.0,-8.746555983844837
1530662400.0,-8.746555983844837
1530748800.0,-8.746555983844837
1530835200.0,-8.746555983844837
1530921600.0,-8.746555983844837
1531008000.0,-8.746555983844837
1531094400.0,-8.746555983844837
1531180800.0,-9.084230819435621
1531267200.0,-9.172883073241817
1531353600.0,-6.195755146914934
1531440000.0,-6.910265849233381
1531526400.0,-7.624776551551828
1531612800.0,-8.964484118398918
1531699200.0,-12.999484834547257
1531785600.0,-21.273254133801476
1531872000.0,-22.179624191372096
1531958400.0,-23.96060827529919
1532044800.0,-22.12140480081281
1532131200.0,-22.93912260457725
1532217600.0,-22.997341995136527
1532304000.0,-27.215601474749914
1532390400.0,-34.80793927086708
1532476800.0,-34.35673899403266
1532563200.0,-29.91618729592021
1532649600.0,-33.857904670376996
1532736000.0,-33.23601572576651
1532822400.0,-33.191028014879784
1532908800.0,-33.11957694464794
1532995200.0,-26.925827689920762
1533081600.0,-25.07339253576181
1533168000.0,-24.69232016119198
1533254400.0,-23.206402533963068
1533340800.0,-17.466499892004837
1533427200.0,-17.815816235360522
1533513600.0,-15.65243660889634
1533600000.0,-14.110945927042648
1533686400.0,-7.890071728986727
1533772800.0,-12.397870914738675
1533859200.0,-12.397870914738675
1533945600.0,-12.397870914738675
1534118400.0,-12.397870914738675
1534204800.0,-12.397870914738675
1534291200.0,-12.397870914738675
1534377600.0,-12.397870914738675
1534464000.0,-12.397870914738675
1534550400.0,-12.397870914738675
1534636800.0,-12.397870914738675
1534723200.0,-12.397870914738675
1534809600.0,-12.397870914738675
1534896000.0,-12.397870914738675
1534982400.0,-12.397870914738675
1535068800.0,-12.397870914738675
1535155200.0,-12.397870914738675
1535241600.0,-12.397870914738675
1535328000.0,-12.397870914738675
1535414400.0,-12.397870914738675
1535500800.0,-12.73707160957344
1535587200.0,-11.280922536805747
1535673600.0,-12.417751202849443
1535760000.0,-14.663798123829148
1535846400.0,-15.654171565736286
1535932800.0,-15.612155722746285
1536019200.0,-16.441668508634567
1536105600.0,-10.986811635875746
1536192000.0,-5.587775811660778
1536278400.0,-5.059576642643644
1536364800.0,-2.21870543019123
1536451200.0,-3.1754661977063594
1536537600.0,-3.5175952049106436
1536624000.0,-3.7924988633309322
1536710400.0,-4.022985773447492
1536796800.0,-5.964117719585475
1536883200.0,-6.541535447533757
1536969600.0,-6.411886560593182
1537056000.0,-6.045748500251765
1537142400.0,-3.200675703500356
1537228800.0,-4.345907538142063
1537315200.0,-4.710845145826634
1537401600.0,-6.045748500251765
1537488000.0,-8.961648003757745
1537574400.0,-8.636925560077886
1537660800.0,-8.582304964190897
1537747200.0,-7.371048233422058
1537833600.0,-5.056575511001511
1537920000.0,-5.674808629282929
1538006400.0,-8.247378672927761
1538092800.0,-7.767197610184909
1538265600.0,-7.525906626156628
1538352000.0,-7.19098033489349
1538438400.0,-6.948488898208346
1538524800.0,-5.828466569360636
1538611200.0,-7.267809304932343
1538697600.0,-7.611138764793493
1538784000.0,-7.194581692864083
1538870400.0,-7.1405613233055165
1538956800.0,-8.15374336569294
1539043200.0,-8.127333407242098
1539129600.0,-7.477888519882383
1539216000.0,-3.523597468194982
1539302400.0,-3.7324762304881185
1539388800.0,-4.010981246878962
1539475200.0,-4.530777247298104
1539561600.0,-8.865611791209234
1539648000.0,-8.722757925043247
1539734400.0,-9.013267468002676
1539820800.0,-7.2828149631431165
1539993600.0,-7.175374450354406
1540080000.0,-7.335034653716396
1540166400.0,-6.937684824296698
1540339200.0,-6.9268807503849965
1540425600.0,-6.705997461523294
1540512000.0,-6.535533184249584
1540598400.0,-6.003732657261875
1540771200.0,-4.153835113045021
1540857600.0,-4.086609764261024
1540944000.0,-4.608806669993877
1541030400.0,-4.862102180590723
1541116800.0,-5.269055631265294
1541203200.0,-4.71204559848359
1541289600.0,-5.767243483861014
1541376000.0,-5.696416777106443
1541462400.0,-6.145386070770997
1541548800.0,-6.97729976197299
1541635200.0,-5.901694181429007
1541721600.0,-5.151411270893324
1541808000.0,-5.282260610490743
1541894400.0,-5.461128056362447
1541980800.0,-5.444321719166442
1542153600.0,-0.0
1542240000.0,-0.0
1542326400.0,-0.0
1542412800.0,-0.0
1542499200.0,-0.34955913770200187
1542585600.0,-0.0
1542672000.0,-0.0
1542758400.0,-0.0
1542844800.0,-0.0
1542931200.0,-0.0
1543017600.0,-0.3572774355506228
1543104000.0,-3.7345498028198287
1543276800.0,-0.0
1543363200.0,-9.828767670566315
1543449600.0,-9.30657290013553
1543536000.0,-3.444051526167601
1543622400.0,-8.319713291609494
1543708800.0,-5.7928216482536445
1543795200.0,-0.43479352707481866
1543881600.0,-2.1042679096597454
1543968000.0,-0.0
1544054400.0,-0.0
1544140800.0,-0.0
1544227200.0,-1.778199992242434
1544313600.0,-4.254149101259129
1544400000.0,-1.7176139618423507
1544486400.0,-0.0
1544572800.0,-1.8689004562125762
1544659200.0,-0.0
1544745600.0,-0.0
1544832000.0,-0.31612306622028163
1544918400.0,-0.5756562008332373
1545004800.0,-6.9371450642785115
1545091200.0,-9.651510404478627
1545177600.0,-10.55109517934005
1545264000.0,-18.164392357478608
1545350400.0,-13.706471710686976
1545436800.0,-16.54182242190968
1545523200.0,-15.687119316943713
1545609600.0,-16.94575745096892
1545696000.0,-12.073169201882173
1545782400.0,-12.775664904593917
1545868800.0,-8.695335698009847
1545955200.0,-14.703625333147272
1546041600.0,-12.085853152070033
1546128000.0,-13.720131349350828
1546214400.0,-10.77940628272137
1546300800.0,-13.361077990187045
1546387200.0,-15.378801758531335
1546560000.0,-13.400105529226588
1546646400.0,-12.447833576661768
1546732800.0,-17.560441190841715
1546819200.0,-16.37400400403966
1546992000.0,-15.82176432663015
1547164800.0,-8.527517280139856
1547251200.0,-8.359698862269822
1547337600.0,-6.019997896849318
1547424000.0,-9.288554291410925
1547510400.0,-7.469870972168276
1547596800.0,-7.96356934101847
1547683200.0,-8.638745766402534
1547769600.0,-7.88161150903544
1547856000.0,-9.661267289238546
1547942400.0,-6.123420875304091
1548028800.0,-5.992678619521627
1548115200.0,-7.184969937179616
1548201600.0,-6.76737526945652
1548288000.0,-7.259122261354756
1548374400.0,-6.978123980270055
1548460800.0,-7.036665288829369
1548547200.0,-6.367342994301237
1548633600.0,-4.527194528586872
1548720000.0,-4.013982390216894
1548806400.0,-5.040406666956836
1548892800.0,-4.4062091575642865
1548979200.0,-5.225787477394654
1549065600.0,-5.6667986685414675
1549152000.0,-4.4101119114682605
1549238400.0,-4.242293493598226
1549324800.0,-4.642325768753525
1549411200.0,-3.4588156473794345
1549497600.0,-3.180744431722716
1549584000.0,-8.827421421896416
1549670400.0,-8.827421421896416
1549756800.0,-8.827421421896416
1549843200.0,-8.827421421896416
1549929600.0,-8.827421421896416
1550016000.0,-8.827421421896416
1550102400.0,-8.827421421896416
1550188800.0,-8.827421421896416
1550275200.0,-8.827421421896416
1550361600.0,-8.827421421896416
1550448000.0,-8.827421421896416
1550534400.0,-8.827421421896416
1550620800.0,-8.827421421896416
1550707200.0,-8.827421421896416
1550793600.0,-8.827421421896416
1550880000.0,-8.827421421896416
1551052800.0,-8.827421421896416
1551139200.0,-8.827421421896416
1551225600.0,-8.827421421896416
1551312000.0,-8.827421421896416
1551398400.0,-8.827421421896416
1551484800.0,-8.827421421896416
1551571200.0,-8.827421421896416
1551657600.0,-8.827421421896416
1551744000.0,-8.827421421896416
1551830400.0,-8.827421421896416
1551916800.0,-8.827421421896416
1552003200.0,-8.827421421896416
1552089600.0,-8.827421421896416
1552176000.0,-8.827421421896416
1552262400.0,-8.827421421896416
1552348800.0,-8.827421421896416
1552435200.0,-8.827421421896416
1552521600.0,-8.827421421896416
1552608000.0,-8.827421421896416
1552694400.0,-8.827421421896416
1552780800.0,-8.827421421896416
1552867200.0,-8.827421421896416
1552953600.0,-8.827421421896416
1553040000.0,-8.827421421896416
1553126400.0,-8.827421421896416
1553212800.0,-8.827421421896416
1553299200.0,-8.827421421896416
1553385600.0,-8.827421421896416
1553472000.0,-8.827421421896416
1553558400.0,-8.827421421896416
1553644800.0,-8.827421421896416
1553731200.0,-8.827421421896416
1553817600.0,-8.827421421896416
1553904000.0,-8.827421421896416
1553990400.0,-8.827421421896416
1554076800.0,-8.827421421896416
1554163200.0,-8.827421421896416
1554249600.0,-9.205390616450517
1554336000.0,-6.240248170896962
1554422400.0,-9.172928938128852
1554508800.0,-8.90303326979727
1554595200.0,-12.89396475031555
1554681600.0,-13.283504890175577
1554768000.0,-11.686569530735232
1554854400.0,-11.686569530735232
1554940800.0,-11.686569530735232
1555027200.0,-11.686569530735232
1555113600.0,-11.686569530735232
1555200000.0,-11.686569530735232
1555286400.0,-11.686569530735232
1555372800.0,-11.686569530735232
1555459200.0,-11.686569530735232
1555545600.0,-11.686569530735232
1555632000.0,-11.686569530735232
1555718400.0,-11.686569530735232
1555804800.0,-11.686569530735232
1555891200.0,-11.686569530735232
1555977600.0,-11.686569530735232
1556064000.0,-11.686569530735232
1556150400.0,-11.686569530735232
1556236800.0,-11.686569530735232
1556323200.0,-11.686569530735232
1556409600.0,-11.686569530735232
1556496000.0,-11.686569530735232
1556582400.0,-11.686569530735232
1556668800.0,-11.686569530735232
1556755200.0,-11.686569530735232
1556841600.0,-11.686569530735232
1556928000.0,-11.686569530735232
1557014400.0,-11.686569530735232
1557100800.0,-11.686569530735232
1557187200.0,-11.686569530735232
1557273600.0,-11.686569530735232
1557360000.0,-11.686569530735232
1557446400.0,-11.686569530735232
1557532800.0,-11.686569530735232
1557619200.0,-11.686569530735232
1557705600.0,-11.686569530735232
1557792000.0,-12.027998059799163
1557878400.0,-14.406901541724157
1557964800.0,-11.873579903686924
1558051200.0,-5.67525671428635
1558137600.0,-5.731408771054437
1558224000.0,-15.114201487552984
1558310400.0,-12.270963690045718
1558396800.0,-12.855161049882952
1558483200.0,-10.287824223611203
1558569600.0,-12.025838365308115
1558656000.0,-13.771951361346577
1558742400.0,-13.866977918954099
1558828800.0,-20.43784840806604
1558915200.0,-21.955033788049967
1559001600.0,-20.81363524951401
1559088000.0,-20.83847173616142
1559174400.0,-16.35926536166079
1559260800.0,-18.342944751718083
1559347200.0,-19.348282537315985
1559433600.0,-21.162425909823458
1559520000.0,-18.018450654433256
1559606400.0,-9.413687878346403
1559692800.0,-10.805610977847676
1559779200.0,-10.368812767026672
1559865600.0,-12.911313106650995
1559952000.0,-12.603556641672057
1560038400.0,-8.521734053530203
1560124800.0,-12.71694060245377
1560211200.0,-12.252606286871485
1560297600.0,-14.693061061792259
1560384000.0,-15.91598806736651
1560470400.0,-20.53341488929628
1560556800.0,-22.15156598673823
1560643200.0,-24.713503576782283
1560729600.0,-28.051851336369722
1560816000.0,-24.115808126375793
1560902400.0,-27.382346044134813
1560988800.0,-30.362184518202916
1561075200.0,-33.81823562755424
1561161600.0,-40.709721329352256
1561248000.0,-40.709721329352256
1561334400.0,-40.709721329352256
1561420800.0,-40.709721329352256
1561507200.0,-40.95300379851574
1561593600.0,-35.03321283262202
1561680000.0,-40.49536409791049
1561766400.0,-39.776918976530204
1561852800.0,-34.34921371021201
1561939200.0,-32.13974891911785
1562025600.0,-33.53727230591238
1563148800.0,-33.775933870206515
1563235200.0,-26.885011776200468
1563408000.0,-27.957955263265987
1563494400.0,-27.957955263265987
1563580800.0,-27.957955263265987
1563667200.0,-28.230196500558545
1563753600.0,-26.59880842051067
1563840000.0,-25.12862469619876
1563926400.0,-23.407606994361696
1564012800.0,-24.0720913487053
1564099200.0,-23.49046603320999
1564185600.0,-21.09593653310809
1564272000.0,-19.7128031608936
1564358400.0,-21.836846192466826
1564444800.0,-21.836846192466826
1564531200.0,-21.836846192466826
1564617600.0,-21.836846192466826
1564704000.0,-21.836846192466826
1564790400.0,-22.156384841636864
1564876800.0,-23.67536628151364
1564963200.0,-29.056164941416117
1565049600.0,-25.444446360401603
1565136000.0,-30.41699577132993
1565222400.0,-29.703479065915655
1565308800.0,-29.997712758869987
1565395200.0,-25.60627489152647
1565481600.0,-27.12893425256518
1565568000.0,-26.569890235951938
1565654400.0,-22.722784700573964
1565740800.0,-17.77965865894106
1565827200.0,-18.91245837681526
1565913600.0,-18.805798663119315
1566000000.0,-17.463357439015144
1566086400.0,-18.544666260622336
1566172800.0,-21.78859272544393
1566259200.0,-22.207875737903855
1566345600.0,-16.573300517828255
1566432000.0,-17.308884750214094
1566518400.0,-18.95659343075839
1566604800.0,-16.29377850952162
1566691200.0,-16.31584603649319
1566777600.0,-18.32399099090656
1566864000.0,-16.919025107049602
1566950400.0,-13.987354148875825
1567036800.0,-12.605068604654642
1567123200.0,-12.605068604654642
1567209600.0,-12.605068604654642
1567296000.0,-12.605068604654642
1567382400.0,-12.605068604654642
1567468800.0,-12.605068604654642
1567555200.0,-12.605068604654642
1567641600.0,-12.605068604654642
1567728000.0,-12.605068604654642
1567814400.0,-12.605068604654642
1567900800.0,-12.605068604654642
1567987200.0,-12.605068604654642
1568073600.0,-12.605068604654642
1568160000.0,-12.605068604654642
1568246400.0,-12.605068604654642
1568332800.0,-12.605068604654642
1568419200.0,-12.605068604654642
1568505600.0,-12.605068604654642
1568592000.0,-12.605068604654642
1568678400.0,-12.605068604654642
1568764800.0,-12.605068604654642
1568851200.0,-12.605068604654642
1568937600.0,-12.605068604654642
1569024000.0,-12.605068604654642
1569110400.0,-12.605068604654642
1569196800.0,-12.605068604654642
1569283200.0,-12.605068604654642
1569369600.0,-12.605068604654642
1569456000.0,-12.605068604654642
1569542400.0,-12.605068604654642
1569628800.0,-12.605068604654642
1569715200.0,-12.605068604654642
1569801600.0,-12.605068604654642
1569888000.0,-12.605068604654642
1569974400.0,-12.605068604654642
1570060800.0,-12.605068604654642
1570147200.0,-12.605068604654642
1570233600.0,-12.605068604654642
1570320000.0,-12.605068604654642
1570406400.0,-12.605068604654642
1570492800.0,-12.605068604654642
1570579200.0,-12.605068604654642
1570665600.0,-12.9529857593776
1570752000.0,-10.454172807500035
1570838400.0,-10.452153564710619
1570924800.0,-10.007415340346155
1571011200.0,-10.577346617653165
1571097600.0,-8.697431580725482
1571184000.0,-6.945738460924448
1571270400.0,-7.659540786975939
1571356800.0,-6.805401087061427
1571443200.0,-6.6973715978287425
1571529600.0,-9.335512302174626
1571616000.0,-9.035654747949334
1571702400.0,-8.081562529959704
1571788800.0,-1.1606078693048991
1571875200.0,-1.8763252987702956
1571961600.0,-1.8763252987702956
1572048000.0,-1.8763252987702956
1572134400.0,-2.2765730859171684
1572220800.0,-0.7491674074387328
1572307200.0,-0.6136633686614024
1572393600.0,-0.0
1572480000.0,-0.0
1572566400.0,-1.1923367624377568
1572652800.0,-1.8401258354090257
1572739200.0,-0.8239067271853214
1572825600.0,-2.9140386579441633
1572912000.0,-2.0643215848826495
1572998400.0,-2.1650325423211245
1573084800.0,-0.6558864363834133
1573171200.0,-0.0
1573257600.0,-0.29714024648786025
1573344000.0,-2.6165935521313988
1573430400.0,-0.0
1573516800.0,-0.7111519326899693
1573603200.0,-0.7315538323982518
1573689600.0,-0.0
1573776000.0,-0.0
1573862400.0,-0.3611901944641123
1573948800.0,-0.46167880499743813
1574035200.0,-0.0
1574121600.0,-0.0
1574208000.0,-0.0
1574294400.0,-0.0
1574380800.0,-0.0
1574467200.0,-0.3681156138672531
1574553600.0,-0.3681156138672531
1574640000.0,-0.3681156138672531
1574726400.0,-0.3681156138672531
1574812800.0,-0.3681156138672531
1574899200.0,-0.3681156138672531
1574985600.0,-0.3681156138672531
1575072000.0,-0.3681156138672531
1575158400.0,-0.3681156138672531
1575244800.0,-0.3681156138672531
1575331200.0,-0.3681156138672531
1575417600.0,-0.3681156138672531
1575504000.0,-0.3681156138672531
1575590400.0,-0.3681156138672531
1575676800.0,-0.3681156138672531
1575763200.0,-0.3681156138672531
1575849600.0,-0.3681156138672531
1575936000.0,-0.3681156138672531
1576022400.0,-0.3681156138672531
1576108800.0,-0.3681156138672531
1576195200.0,-0.3681156138672531
1576281600.0,-0.3681156138672531
1576368000.0,-0.3681156138672531
1576454400.0,-0.3681156138672531
1576540800.0,-0.3681156138672531
1576627200.0,-0.3681156138672531
1576713600.0,-0.3681156138672531
1576800000.0,-0.3681156138672531
1576886400.0,-0.3681156138672531
1576972800.0,-0.3681156138672531
1577059200.0,-0.3681156138672531
1577145600.0,-0.3681156138672531
1577232000.0,-0.3681156138672531
1577318400.0,-0.3681156138672531
1577404800.0,-0.3681156138672531
1577491200.0,-0.3681156138672531
1577577600.0,-0.3681156138672531
1577664000.0,-0.3681156138672531
1577750400.0,-0.3681156138672531
1577836800.0,-0.3681156138672531
1577923200.0,-0.3681156138672531
1578009600.0,-0.3681156138672531
1578096000.0,-0.3681156138672531
1578182400.0,-0.3681156138672531
1578268800.0,-0.3681156138672531
1578355200.0,-0.3681156138672531
1578441600.0,-0.3681156138672531
1578528000.0,-0.3681156138672531
1578614400.0,-0.3681156138672531
1578700800.0,-0.3681156138672531
1578787200.0,-0.3681156138672531
1578873600.0,-0.3681156138672531
1578960000.0,-0.3681156138672531
1579046400.0,-0.3681156138672531
1579132800.0,-0.3681156138672531
1579219200.0,-0.3681156138672531
1579305600.0,-0.3681156138672531
1579392000.0,-0.3681156138672531
1579478400.0,-0.3681156138672531
1579564800.0,-0.3681156138672531
1579651200.0,-0.3681156138672531
1579737600.0,-0.3681156138672531
1579824000.0,-0.3681156138672531
1579910400.0,-0.3681156138672531
1579996800.0,-0.3681156138672531
1580083200.0,-0.3681156138672531
1580169600.0,-0.3681156138672531
1580256000.0,-0.3681156138672531
1580342400.0,-0.3681156138672531
1580428800.0,-0.7547119221686437
1580515200.0,-1.1356478907711356
1580601600.0,-0.7027193102377401
1580688000.0,-0.2080173293904591
1580774400.0,-0.0
1580860800.0,-4.333639748036759
1580947200.0,-5.388512076168949
1581033600.0,-5.920025041503182
1581120000.0,-6.9152741510887825
1581206400.0,-9.499456554933374
1581292800.0,-6.9193509523569325
1581379200.0,-10.732688938546849
1581465600.0,-11.517473182664517
1581552000.0,-10.243472786369603
1581638400.0,-11.415553150960918
1581724800.0,-7.0385973894501115
1581811200.0,-8.056778506168996
1581897600.0,-4.94821753920941
1581984000.0,-10.070208732473471
1582070400.0,-4.224075713955356
1582156800.0,-4.167510096359879
1582243200.0,-5.1021167870818065
1582329600.0,-4.700551862169657
1582416000.0,-7.98441528365945
1582502400.0,-4.822855900213983
1582588800.0,-1.5435788801508705
1582675200.0,-0.0
1582761600.0,-0.0
1582848000.0,-0.0
1582934400.0,-0.0
1583020800.0,-0.0
1583107200.0,-3.512006579595947
1583193600.0,-2.4386011363089244
1583280000.0,-2.1740765328607465
1583366400.0,-4.943213837311985
1583452800.0,-5.878856015150421
1583539200.0,-3.4498217722754214
1583625600.0,-0.0
1583712000.0,-0.0
1583798400.0,-0.0
1583884800.0,-0.0
1583971200.0,-0.0
1584057600.0,-0.38414353384321326
1584144000.0,-0.0
1584230400.0,-1.3946173573584062
1584316800.0,-0.0
1584403200.0,-8.44916617469228
1584489600.0,-8.44916617469228
1584576000.0,-8.44916617469228
1584662400.0,-8.44916617469228
1584748800.0,-8.44916617469228
1584835200.0,-8.44916617469228
1584921600.0,-8.44916617469228
1585008000.0,-8.44916617469228
1585094400.0,-8.44916617469228
1585180800.0,-8.44916617469228
1585267200.0,-8.44916617469228
1585353600.0,-8.44916617469228
1585440000.0,-8.44916617469228
1585526400.0,-8.72017357759242
1585612800.0,-9.626740180103361
1585699200.0,-8.0115291493701
1585785600.0,-3.806720999097932
1585872000.0,-5.491135587274764
1585958400.0,-3.667621848636329
1586044800.0,-4.836469933858463
1586131200.0,-0.0
1586217600.0,-1.2577720835875457
1586304000.0,-0.0
1586390400.0,-0.5556284926060387
1586476800.0,-6.958136958252847
1586563200.0,-6.678304690790239
1586649600.0,-4.543910977668026
1586736000.0,-6.595565823247211
1586822400.0,-6.418652634923514
1586908800.0,-8.381514549480926
1586995200.0,-2.8561726145342123
1587081600.0,-3.698360111801474
1587168000.0,-0.994211757956122
1587254400.0,-2.2292407076228065
1587340800.0,-6.378292211731804
1587427200.0,-6.097114596829476
1587513600.0,-3.2032722539830285
1587600000.0,-0.0
1587686400.0,-0.9880435428182982
1587772800.0,-0.4891175182184595
1587859200.0,-0.0
1587945600.0,-0.0
1588032000.0,-0.16270175998094358
1588118400.0,-0.0
1588204800.0,-1.1178367603113688
1588291200.0,-1.1178367603113688
1588377600.0,-1.1178367603113688
1588464000.0,-1.1178367603113688
1588550400.0,-1.1178367603113688
1588636800.0,-1.1178367603113688
1588723200.0,-1.1178367603113688
1588809600.0,-1.1178367603113688
1588896000.0,-1.1178367603113688
1588982400.0,-1.1178367603113688
1589068800.0,-1.1178367603113688
1589155200.0,-1.4048237992002475
1589241600.0,-0.0
1589328000.0,-0.0
1589414400.0,-0.0
1589500800.0,-3.4936777856135084
1589587200.0,-3.756760425982121
1589673600.0,-0.7917345245120018
1589760000.0,-0.4346582753916587
1589846400.0,-0.26656388513724993
1589932800.0,-2.4577588066195264
1590019200.0,-6.324427103152617
1590105600.0,-5.7937859362843485
1590192000.0,-5.4889283586927515
1590278400.0,-7.336474689447788
1590364800.0,-8.656363777421921
1590451200.0,-9.355596655225828
1590537600.0,-6.674043542054591
1590624000.0,-2.5965112766816345
1590710400.0,-3.4464323208970615
1590796800.0,-0.904128998469162
1590883200.0,-3.332048564215063
1590969600.0,-0.6126990792706273
1591056000.0,-2.3911178353352307
1591142400.0,-1.766483059715232
1591228800.0,-0.0
1591315200.0,-1.4999096183188902
1591401600.0,-1.807418325144905
1591488000.0,-0.4951831027794228
1591574400.0,-1.141892235009355
1591660800.0,-0.4248671021847308
1591747200.0,-0.0
1591833600.0,-5.6582226785676415
1591920000.0,-4.270189927731524
1592006400.0,-4.575694659161124
1592092800.0,-5.036898747283942
1592179200.0,-4.677365847916646
1592265600.0,-3.7456255335726474
1592352000.0,-4.440133074153766
1592438400.0,-5.129728963104199
1592524800.0,-5.531502066495534
1592611200.0,-5.079138951307981
1592697600.0,-5.846830101186547
1592784000.0,-2.2957059721896655
1592870400.0,-2.727440150528299
1592956800.0,-6.047225487719147
1593043200.0,-6.282984765992791
1593129600.0,-6.975036480758582
1593216000.0,-8.692641056014763
1593302400.0,-7.746656951941724
1593388800.0,-6.8006728478687135
1593475200.0,-7.446063872142824
1593561600.0,-6.542319972093827
1593648000.0,-7.788405990802691
1593734400.0,-7.894988831188899
1593820800.0,-7.5639435112796525
1593907200.0,-7.950981659778902
1593993600.0,-6.0619604426112454
1594080000.0,-6.394970423172773
1594166400.0,-4.190130006151083
1594252800.0,-6.401846735455768
1594339200.0,-6.366482843714724
1594425600.0,-6.584560176117854
1594512000.0,-5.975515373910937
1594598400.0,-6.362553522410186
1594684800.0,-6.2171686341414425
1594771200.0,-6.685740199710315
1594857600.0,-7.467675139317931
1594944000.0,-7.227004209413587
1595030400.0,-7.02366183190257
1595116800.0,-6.795761196238054
1595203200.0,-7.059025723643614
1595289600.0,-4.861552784067953
1595376000.0,-3.6316752157403966
1595462400.0,-2.8831395072215558
1595548800.0,-3.2308844426751957
1595635200.0,-1.9204557876041508
1595721600.0,-0.0
1595808000.0,-0.0
1595894400.0,-2.8206974992787313
1595980800.0,-0.0
1596067200.0,-1.3753819518170447
1596153600.0,-0.0
1596240000.0,-0.0
1596326400.0,-5.3390726311748296
1596412800.0,-4.636891094467793
1596499200.0,-4.5911869707767945
1596585600.0,-0.8849980314709988
1596672000.0,-0.012464761006629965
1596758400.0,-1.217391658314555
1596844800.0,-0.27837966248148166
1596931200.0,-0.8185193061022716
1597017600.0,-0.0
1597104000.0,-4.020042285608505
1597276800.0,-0.2977809100450936
1597363200.0,-0.3556827536649623
1597449600.0,-0.0
1597536000.0,-0.0
1597622400.0,-0.0
1597708800.0,-2.628374990146589
1597795200.0,-4.767382865010632
1597881600.0,-4.388518001566089
1597968000.0,-6.480167768499566
1598054400.0,-5.722438041610469
1598140800.0,-5.769796149541034
1598227200.0,-5.004173404663511
1598313600.0,-7.971948168312515
1598400000.0,-7.395757855157265
1598486400.0,-8.73757091319006
1598572800.0,-7.103716189585437
1598659200.0,-6.859032631944164
1598745600.0,-5.682972951668351
1598832000.0,-5.469861465980802
1598918400.0,-3.220351339278778
1599004800.0,-7.474688035041575
1599091200.0,-13.497060760212298
1599177600.0,-14.55472517066167
1599264000.0,-18.46176907493364
1599350400.0,-17.151528088854555
1599436800.0,-15.69131976099533
1599523200.0,-18.13026231941965
1599609600.0,-16.54376570374558
1599696000.0,-16.11754273237045
1599782400.0,-15.778142958868047
1599868800.0,-15.30456187956235
1599955200.0,-16.421423924924937
1600041600.0,-13.56809792210814
1600128000.0,-12.344680133901774
1600214400.0,-10.671360320354989
1600300800.0,-11.452769101209375
1600387200.0,-11.381731939313532
1600473600.0,-10.402997708748439
1600560000.0,-11.855313018619237
1600646400.0,-14.799408728302954
1600732800.0,-14.696799494453385
1600819200.0,-16.58323079368772
1600905600.0,-13.149767968721445
1600992000.0,-13.189233058663586
1601078400.0,-12.873512339126458
1601164800.0,-12.763010087288457
1601251200.0,-11.922403671520856
1601337600.0,-12.794582159242172
1601424000.0,-12.905084411080162
1601510400.0,-13.87592562365683
1601596800.0,-14.404757828881515
1601683200.0,-14.452115936812081
1601769600.0,-13.591776976073398
1601856000.0,-12.75511706930001
1601942400.0,-14.136395217274945
1602028800.0,-13.63913508400398
1602115200.0,-11.657987568908508
1602201600.0,-10.466141852655856
1602288000.0,-8.08245042015054
1602374400.0,-8.177166636011671
1602460800.0,-5.619828807760934
1602547200.0,-7.411543891134126
1602633600.0,-7.821980826532384
1602720000.0,-7.024786009701146
1602806400.0,-8.13770154606951
1602892800.0,-8.153487582046361
1602979200.0,-7.198432405446545
1603065600.0,-4.862099080871805
1603152000.0,-3.5518580947927236
1603238400.0,-0.0
1603324800.0,-0.44402656994802936
1603411200.0,-0.44402656994802936
1603497600.0,-0.44402656994802936
1603584000.0,-0.44402656994802936
1603670400.0,-0.44402656994802936
1603756800.0,-0.44402656994802936
1603843200.0,-0.44402656994802936
1603929600.0,-0.44402656994802936
1604016000.0,-0.44402656994802936
1604102400.0,-0.44402656994802936
1604188800.0,-0.44402656994802936
1604275200.0,-0.44402656994802936
1604361600.0,-0.44402656994802936
1604448000.0,-0.44402656994802936
1604534400.0,-0.44402656994802936
1604620800.0,-0.44402656994802936
1604707200.0,-0.44402656994802936
1604793600.0,-0.44402656994802936
1604880000.0,-0.44402656994802936
1604966400.0,-0.44402656994802936
1605052800.0,-0.44402656994802936
1605139200.0,-0.44402656994802936
1605225600.0,-0.44402656994802936
1605312000.0,-0.44402656994802936
1605398400.0,-0.44402656994802936
1605484800.0,-0.44402656994802936
1605571200.0,-0.7416654392671107
1605657600.0,-0.0
1605744000.0,-0.10633519818506512
1605830400.0,-0.0
1605916800.0,-0.0
1606003200.0,-1.5797598442762424
1606089600.0,-2.028070070354644
1606176000.0,-0.0
1606262400.0,-1.5464166471028513
1606348800.0,-10.307702853830921
1606435200.0,-10.365171040040835
1606521600.0,-7.350703454303151
1606608000.0,-4.848225163890075
1606694400.0,-0.0
1606780800.0,-4.176358129510318
1606867200.0,-2.410702178936011
1606953600.0,-1.350802689980941
1607040000.0,-5.261553548989383
1607126400.0,-2.964683057411345
1607212800.0,-1.9275499059278587
1607299200.0,-2.630776774494701
1607385600.0,-7.022150313458901
1607472000.0,-5.904070184298676
1607558400.0,-7.254872874279599
1607644800.0,-8.211059048086309
1607731200.0,-4.667099181675689
1607817600.0,-2.7774931715338336
1607904000.0,-2.276633747158886
1607990400.0,-1.3153883872473686
1608076800.0,-0.0
1608163200.0,-0.0
1608249600.0,-0.0
1608336000.0,-0.0
1608422400.0,-1.836603409645136
1608508800.0,-1.836603409645136
1608595200.0,-1.836603409645136
1608681600.0,-1.836603409645136
1608768000.0,-1.836603409645136
1608854400.0,-1.836603409645136
1608940800.0,-1.836603409645136
1609027200.0,-1.836603409645136
1609113600.0,-1.836603409645136
1609200000.0,-1.836603409645136
1609286400.0,-1.836603409645136
1609372800.0,-1.836603409645136
1609459200.0,-1.836603409645136
1609545600.0,-2.130386971574409
1609632000.0,-0.0
1609718400.0,-3.8778742124072405
1609804800.0,-0.0
1609891200.0,-0.0
1609977600.0,-0.0
1610064000.0,-0.0
1610150400.0,-0.0
1610236800.0,-0.0
1610323200.0,-0.0
1610409600.0,-0.0
1610496000.0,-0.0
1610582400.0,-0.0
1610668800.0,-0.0
1610755200.0,-0.0
1610841600.0,-0.0
1610928000.0,-0.0
1611014400.0,-0.0
1611100800.0,-0.0
1611187200.0,-0.0
1611273600.0,-0.2978492484698688
1611360000.0,-3.044923532185471
1611446400.0,-2.048583132785348
1611532800.0,-1.958416580803439
1611619200.0,-1.4339478034419855
1611705600.0,-8.406827823376558
1611792000.0,-0.0
1611878400.0,-0.0
1611964800.0,-0.0
1612051200.0,-3.495404589464294
1612137600.0,-2.3524535854590116
1612224000.0,-0.0
1612310400.0,-0.0
1612396800.0,-1.5530975512961385
1612483200.0,-0.0
1612569600.0,-0.0
1612656000.0,-0.6352199139372124
1612742400.0,-0.0
1612828800.0,-0.0
1612915200.0,-3.4926487423453314
1613001600.0,-0.0
1613088000.0,-0.6793554472793191
1613174400.0,-1.4420673911573252
1613260800.0,-0.0
1613347200.0,-1.7560818030549343
1613433600.0,-0.0
1613520000.0,-0.0
1613606400.0,-0.9769870477838049
1613692800.0,-0.0
1613779200.0,-0.22053562785753783
1613865600.0,-0.22053562785753783
1613952000.0,-0.22053562785753783
1614038400.0,-0.22053562785753783
1614124800.0,-0.22053562785753783
1614211200.0,-0.22053562785753783
1614297600.0,-0.5093778267116266
1614384000.0,-0.6281196286993391
1614470400.0,-2.688394052661616
1614556800.0,-0.0
1614643200.0,-2.386863279963889
1614729600.0,-0.0
1614816000.0,-4.451477640130666
1614902400.0,-3.6531303539105346
1614988800.0,-3.646453614360299
1615161600.0,-0.0
1615248000.0,-0.0
1615334400.0,-0.0
1615420800.0,-0.0
1615507200.0,-0.8812934560306327
1615593600.0,-0.0
1615680000.0,-3.1384919612957365
1615766400.0,-3.1384919612957365
1615852800.0,-3.1384919612957365
1615939200.0,-3.1384919612957365
1616025600.0,-3.1384919612957365
1616112000.0,-3.1384919612957365
1616198400.0,-3.1384919612957365
1616284800.0,-3.1384919612957365
1616371200.0,-3.1384919612957365
1616457600.0,-3.1384919612957365
1616544000.0,-3.1384919612957365
1616630400.0,-3.1384919612957365
1616716800.0,-3.1384919612957365
1616803200.0,-3.1384919612957365
1616889600.0,-3.1384919612957365
1616976000.0,-3.1384919612957365
1617062400.0,-3.1384919612957365
1617148800.0,-3.520067445961915
1617235200.0,-3.6779725756855433
1617321600.0,-3.5597461708668385
1617408000.0,-1.4673007595547665
1617494400.0,-2.426068316440788
1617580800.0,-3.674733496101486
1617667200.0,-2.1118775967855794
1617753600.0,-0.0
1617840000.0,-2.178360884940039
1617926400.0,-2.606758387358668
1618012800.0,-4.46907507711817
1618099200.0,-5.797915631790312
1618185600.0,-5.652422140402857
1618272000.0,-10.8020834383446
1618358400.0,-10.212834798225382
1618444800.0,-11.022748566948914
1618531200.0,-8.455596741134599
1618617600.0,-6.459102720428883
1618704000.0,-0.1430685998643219
1618790400.0,-0.0
1618876800.0,-0.5814145579785648
1618963200.0,-0.0
1619049600.0,-0.0
1619136000.0,-0.0
1619222400.0,-0.508282480124174
1619308800.0,-0.508282480124174
1619395200.0,-0.508282480124174
1619481600.0,-0.508282480124174
1619568000.0,-0.508282480124174
1619654400.0,-0.508282480124174
1619740800.0,-0.508282480124174
1619827200.0,-0.508282480124174
1619913600.0,-0.508282480124174
1620000000.0,-0.508282480124174
1620086400.0,-0.508282480124174
1620172800.0,-0.508282480124174
1620259200.0,-0.508282480124174
1620345600.0,-0.508282480124174
1620432000.0,-0.508282480124174
1620518400.0,-0.508282480124174
1620604800.0,-0.508282480124174
1620691200.0,-0.9085201581129277
1620777600.0,-0.0
1620864000.0,-0.0
1620950400.0,-0.7751429271259827
1621036800.0,-0.0
1621123200.0,-0.0
1621209600.0,-0.0
1621296000.0,-0.4019853923194432
1621382400.0,-0.0
1621468800.0,-0.9346135277019249
1621555200.0,-0.0
1621641600.0,-1.831337966153817
1621728000.0,-0.0
1621814400.0,-8.554763179458263
1621900800.0,-8.554763179458263
1621987200.0,-8.554763179458263
1622073600.0,-8.554763179458263
1622160000.0,-8.554763179458263
1622246400.0,-8.554763179458263
1622332800.0,-8.554763179458263
1622419200.0,-8.554763179458263
1622505600.0,-8.554763179458263
1622592000.0,-8.554763179458263
1622678400.0,-8.554763179458263
1622764800.0,-8.902350753271826
1622851200.0,-4.016363075842723
1622937600.0,-4.652194805594117
1623024000.0,-1.774035397710265
1623110400.0,-0.4039688256543739
1623196800.0,-0.4039688256543739
1623283200.0,-0.7983008801022249
1623369600.0,-2.74906383354578
1623456000.0,-0.0
1623542400.0,-8.393372986532704
1623628800.0,-12.099571745898553
1623715200.0,-11.879245705002079
1623801600.0,-7.74288658007642
1623888000.0,-5.801919076940733
1623974400.0,-0.0
1624060800.0,-0.5213258012840806
1624147200.0,-0.6297720205987989
1624233600.0,-0.0
1624320000.0,-1.8394281533783159
1624406400.0,-1.8394281533783159
1624492800.0,-1.8394281533783159
1624579200.0,-1.8394281533783159
1624665600.0,-1.8394281533783159
1624752000.0,-1.8394281533783159
1624838400.0,-1.8394281533783159
1624924800.0,-1.8394281533783159
1625011200.0,-1.8394281533783159
1625097600.0,-1.8394281533783159
1625184000.0,-1.8394281533783159
1625270400.0,-1.8394281533783159
1625356800.0,-1.8394281533783159
1625443200.0,-1.8394281533783159
1625529600.0,-1.8394281533783159
1625616000.0,-1.8394281533783159
1625702400.0,-1.8394281533783159
1625788800.0,-1.8394281533783159
1625875200.0,-1.8394281533783159
1625961600.0,-1.8394281533783159
1626048000.0,-1.8394281533783159
1626134400.0,-1.8394281533783159
1626220800.0,-1.8394281533783159
1626307200.0,-1.8394281533783159
1626393600.0,-1.8394281533783159
1626480000.0,-1.8394281533783159
1626566400.0,-1.8394281533783159
1626652800.0,-1.8394281533783159
1626739200.0,-1.8394281533783159
1626825600.0,-1.8394281533783159
1626912000.0,-1.8394281533783159
1626998400.0,-1.8394281533783159
1627084800.0,-1.8394281533783159
1627171200.0,-1.8394281533783159
1627257600.0,-1.8394281533783159
1627344000.0,-2.25164132871999
1627430400.0,-3.565411160947958
1627516800.0,-4.0611981747116745
1627603200.0,-8.118235144104338
1627689600.0,-9.322852928209251
1627776000.0,-5.198746628042191
1627862400.0,-3.055158213095668
1627948800.0,-0.03835341316478487
1628035200.0,-3.7731945778568985
1628121600.0,-7.284471306634348
1628208000.0,-11.520359824758748
1628294400.0,-15.159199790499272
1628380800.0,-15.910113278189128
1628467200.0,-21.045519879640793
1628553600.0,-19.36221118569506
1628640000.0,-19.59103596127831
1628726400.0,-14.98823875127042
1628812800.0,-24.659373231955563
1628899200.0,-22.862967235135343
1628985600.0,-23.59941478873661
1629072000.0,-20.572089309468574
1629158400.0,-17.48163975417756
1629244800.0,-17.19495124223992
1629331200.0,-21.54788231799024
1629417600.0,-28.48364017101356
1629504000.0,-29.193786026271905
1629590400.0,-28.47048932184209
1629676800.0,-29.935493919541738
1629763200.0,-26.169090716838138
1629849600.0,-27.83924856161243
1629936000.0,-23.678319883765298
1630022400.0,-28.23377403675596
1630108800.0,-27.765603806252297
1630195200.0,-28.678272738751005
1630281600.0,-25.019706499253303
1630368000.0,-23.15491608674154
1630454400.0,-26.76876943905631
1630540800.0,-30.11171529843918
1630627200.0,-30.251114299656557
1630713600.0,-30.816600814028956
1630800000.0,-35.56405736492281
1630886400.0,-37.48671151378895
1630972800.0,-22.6091558461263
1631059200.0,-22.137040360871204
1631145600.0,-21.660979620864673
1631232000.0,-17.083169024282537
1631318400.0,-18.555440659937513
1631404800.0,-18.555440659937513
1631491200.0,-18.555440659937513
1631577600.0,-18.555440659937513
1631664000.0,-18.555440659937513
1631750400.0,-18.555440659937513
1631836800.0,-18.555440659937513
1631923200.0,-18.555440659937513
1632009600.0,-18.555440659937513
1632096000.0,-18.555440659937513
1632182400.0,-18.555440659937513
1632268800.0,-18.555440659937513
1632355200.0,-18.555440659937513
1632441600.0,-18.555440659937513
1632528000.0,-18.555440659937513
1632614400.0,-18.555440659937513
1632700800.0,-18.555440659937513
1632787200.0,-18.555440659937513
1632873600.0,-18.555440659937513
1632960000.0,-18.555440659937513
1633046400.0,-18.555440659937513
1633132800.0,-18.555440659937513
1633219200.0,-18.555440659937513
1633305600.0,-18.555440659937513
1633392000.0,-18.555440659937513
1633478400.0,-18.901536264503736
1633564800.0,-17.00258155575031
1633651200.0,-17.420915637629157
1633737600.0,-18.541173572248546
1633824000.0,-18.462833856540897
1633910400.0,-22.218439827565625
1633996800.0,-20.69316556273769
1634083200.0,-22.610138406103875
1634169600.0,-22.743315922806875
1634256000.0,-28.71280225972978
1634342400.0,-27.992076875219407
1634428800.0,-28.277233440395257
1634515200.0,-29.411592523842025
1634601600.0,-32.66582431433779
1634688000.0,-35.873052275408966
1634774400.0,-30.51774930963403
1634860800.0,-27.708487104357715
1634947200.0,-28.16285745546208
1635033600.0,-28.05788223641383
1635120000.0,-31.246308665715162
1635206400.0,-26.76214333860929
1635292800.0,-24.22471994683851
1635379200.0,-27.486002311747974
1635465600.0,-30.138585085608995
1635552000.0,-28.751972117583602
1635638400.0,-28.751972117583602
1635724800.0,-28.330504447076443
1635811200.0,-31.299579672396366
1635897600.0,-31.026957461733733
1635984000.0,-28.45428119789453
1636070400.0,-28.34303880158967
1636156800.0,-28.707318479630246
1636243200.0,-31.10999756038386
1636329600.0,-38.33291934862917
1636416000.0,-37.53228745409699
1636502400.0,-33.99289909842537
1636588800.0,-34.16994685592466
1636675200.0,-32.85697322066446
1636761600.0,-33.61686846302865
1636848000.0,-34.61334964682995
1636934400.0,-32.381451146319016
1637020800.0,-26.848317025887713
1637107200.0,-27.03006516632947
1637193600.0,-21.682596172125294
1637280000.0,-23.438972598290803
1637366400.0,-26.340675668102143
1637452800.0,-24.997932940873028
1637539200.0,-20.94776963878754
1637625600.0,-22.949349375117993
1637712000.0,-22.160468437941958
1637798400.0,-24.93056078536445
1637884800.0,-16.881938393560514
1637971200.0,-18.10890921799855
1638057600.0,-18.10890921799855
1638144000.0,-18.10890921799855
1638230400.0,-18.10890921799855
1638316800.0,-18.10890921799855
1638403200.0,-18.10890921799855
1638489600.0,-18.418589533887967
1638576000.0,-11.554130127748596
1638662400.0,-11.837096962444027
1638748800.0,-13.458051647488647
1638835200.0,-13.825764894605538
1638921600.0,-13.567216517726473
1639008000.0,-10.052394972042643
1639094400.0,-9.444088096441046
1639180800.0,-11.765996158802263
1639267200.0,-13.051556143839862
1639353600.0,-8.318684467081304
1639440000.0,-10.44237210716857
1639526400.0,-11.195753349796757
1639612800.0,-9.644463088522313
1639699200.0,-7.665131625525853
1639785600.0,-8.598778542033605
1639872000.0,-8.468067973722528
1639958400.0,-8.607396821262912
1640044800.0,-11.61373989241791
1640131200.0,-10.98316912880729
1640217600.0,-13.992384959705376
1640304000.0,-13.971557451567888
1640390400.0,-13.887529229082196
1640476800.0,-14.097240690328544
1640563200.0,-14.151823125447452
1640649600.0,-9.673190685953298
1640736000.0,-7.7340778593602595
1640822400.0,-8.784071545463588
1640908800.0,-7.767114596405918
1640995200.0,-9.47209750393623
1641081600.0,-9.174766870525316
1641168000.0,-7.897825164717022
1641254400.0,-7.041742761272999
1641340800.0,-3.778287693110496
1641427200.0,-3.1003163937387064
1641513600.0,-0.8399958768770739
1641600000.0,-0.8399958768770739
1641686400.0,-0.8399958768770739
1641772800.0,-0.8399958768770739
1641859200.0,-0.8399958768770739
1641945600.0,-0.8399958768770739
1642032000.0,-0.8399958768770739
1642118400.0,-0.8399958768770739
1642204800.0,-0.8399958768770739
1642291200.0,-0.8399958768770739
1642377600.0,-0.8399958768770739
1642464000.0,-0.8399958768770739
1642550400.0,-0.8399958768770739
1642636800.0,-0.8399958768770739
1642723200.0,-1.1956865281341293
1642809600.0,-0.0
1642896000.0,-2.9677596284924093
1642982400.0,-3.96533588181978
1643068800.0,-4.668038582316171
1643155200.0,-4.594490833650457
1643241600.0,-4.594490833650457
1643328000.0,-4.594490833650457
1643414400.0,-4.594490833650457
1643500800.0,-4.594490833650457
1643587200.0,-4.594490833650457
1643673600.0,-4.594490833650457
1643760000.0,-4.594490833650457
1643846400.0,-4.594490833650457
1643932800.0,-4.594490833650457
1644019200.0,-4.594490833650457
1644105600.0,-4.594490833650457
1644192000.0,-4.987195098563014
1644278400.0,-5.4803964421907825
1644364800.0,-6.076255079062348
1644451200.0,-4.032035935338175
1644537600.0,-1.5615658566234962
1644624000.0,-1.024846747381511
1644710400.0,-1.3127335045217023
1644796800.0,-2.0893582447138446
1644883200.0,-6.721210682267889
1644969600.0,-5.33868474390859
1645056000.0,-0.0
1645142400.0,-0.0
1645228800.0,-0.03878385937801555
1645315200.0,-0.0
1645401600.0,-0.0
1645488000.0,-3.011125266867142
1645574400.0,-3.011125266867142
1645660800.0,-3.011125266867142
1645747200.0,-3.011125266867142
1645833600.0,-3.011125266867142
1645920000.0,-3.011125266867142
1646006400.0,-3.011125266867142
1646092800.0,-3.4083126891830435
1646179200.0,-2.239984888519041
1646265600.0,-0.0
1646352000.0,-0.0
1646438400.0,-0.39005587158496785
1646524800.0,-0.0
1646611200.0,-0.0
1646697600.0,-1.5398117547091508
1646784000.0,-8.125668940267644
1646870400.0,-3.116763688638806
1646956800.0,-1.8128422614111777
1647043200.0,-1.8810998880866787
1647129600.0,-0.0
1647216000.0,-3.943724169384397
1647302400.0,-3.333147584784272
1647388800.0,-6.235888724686499
1647475200.0,-6.294944492705203
1647561600.0,-7.840403913397964
1647648000.0,-8.19674041195147
1647734400.0,-7.007617489812214
1647820800.0,-6.718344321042648
1647907200.0,-9.403880348062525
1647993600.0,-9.32380473041005
1648080000.0,-12.376687653410666
1648166400.0,-13.175441939494101
1648252800.0,-13.203468405672469
1648339200.0,-17.551574444201876
1648425600.0,-19.53544787154194
1648512000.0,-18.98492800018118
1648598400.0,-18.392368429552874
1648684800.0,-16.0001093521852
1648771200.0,-16.85291468018406
1648857600.0,-16.620695388991884
1648944000.0,-18.13012078174104
1649030400.0,-18.046041383205942
1649116800.0,-16.30239480882329
1649203200.0,-11.62998251880136
1649289600.0,-11.54390122982496
1649376000.0,-9.173662947311707
1649462400.0,-9.429904923799628
1649548800.0,-8.388921894317447
1649635200.0,-3.9397203885017955
1649721600.0,-3.6864812476758484
1649808000.0,-7.005615599370935
1649894400.0,-4.162931172708082
1649980800.0,-5.256964298885017
1650067200.0,-5.27798414851879
1650153600.0,-4.3941495186796065
1650240000.0,-6.008674159597621
1650326400.0,-7.129732806732276
1650412800.0,-7.425011646825778
1650499200.0,-5.229938777927309
1650585600.0,-3.7925814410653804
1650672000.0,-4.18094818667988
1650758400.0,-3.542345135901396
1650844800.0,-5.196907585645665
1650931200.0,-0.9739196996982626
1651017600.0,-2.5554131483346327
1651104000.0,-3.8856693465863783
1651190400.0,-1.5704830512092032
1651276800.0,-1.1040425783835297
1651363200.0,-0.9308790552100571
1651449600.0,-1.568481160767891
1651536000.0,-0.01501417830988002
1651622400.0,-3.7445360704739
1651708800.0,-0.0
1651795200.0,-0.0
1651881600.0,-0.0
1651968000.0,-0.0
1652054400.0,-0.0
1652140800.0,-0.0
1652227200.0,-0.0
1652313600.0,-0.3260514164514948
1652400000.0,-0.3260514164514948
1652486400.0,-0.3260514164514948
1652572800.0,-0.3260514164514948
1652659200.0,-0.3260514164514948
1652745600.0,-0.3260514164514948
1652832000.0,-0.3260514164514948
1652918400.0,-0.3260514164514948
1653004800.0,-0.3260514164514948
1653091200.0,-0.3260514164514948
1653177600.0,-0.3260514164514948
1653264000.0,-0.3260514164514948
1653350400.0,-0.3260514164514948
1653436800.0,-0.3260514164514948
1653523200.0,-0.3260514164514948
1653609600.0,-0.3260514164514948
1653696000.0,-0.3260514164514948
1653782400.0,-0.3260514164514948
1653868800.0,-0.3260514164514948
1653955200.0,-0.3260514164514948
1654041600.0,-0.3260514164514948
1654128000.0,-0.3260514164514948
1654214400.0,-0.3260514164514948
1654300800.0,-0.3260514164514948
1654387200.0,-0.3260514164514948
1654473600.0,-0.3260514164514948
1654560000.0,-0.3260514164514948
1654646400.0,-0.3260514164514948
1654732800.0,-0.3260514164514948
1654819200.0,-0.3260514164514948
1654905600.0,-0.3260514164514948
1654992000.0,-0.3260514164514948
1655078400.0,-0.3260514164514948
1655164800.0,-0.3260514164514948
1655251200.0,-0.3260514164514948
1655337600.0,-0.3260514164514948
1655424000.0,-0.3260514164514948
1655510400.0,-0.3260514164514948
1655596800.0,-0.3260514164514948
1655683200.0,-0.3260514164514948
1655769600.0,-0.3260514164514948
1655856000.0,-0.3260514164514948
1655942400.0,-0.3260514164514948
1656028800.0,-0.3260514164514948
1656115200.0,-0.3260514164514948
1656201600.0,-0.3260514164514948
1656288000.0,-0.3260514164514948
1656374400.0,-0.3260514164514948
1656460800.0,-0.3260514164514948
1656547200.0,-0.3260514164514948
1656633600.0,-0.3260514164514948
1656720000.0,-0.3260514164514948
1656806400.0,-0.3260514164514948
1656892800.0,-0.3260514164514948
1656979200.0,-0.3260514164514948
1657065600.0,-0.3260514164514948
1657152000.0,-0.3260514164514948
1657238400.0,-0.3260514164514948
1657324800.0,-0.3260514164514948
1657411200.0,-0.3260514164514948
1657497600.0,-0.3260514164514948
1657584000.0,-0.3260514164514948
1657670400.0,-0.3260514164514948
1657756800.0,-0.3260514164514948
1657843200.0,-0.3260514164514948
1657929600.0,-0.3260514164514948
1658016000.0,-0.3260514164514948
1658102400.0,-0.3260514164514948
1658188800.0,-0.3260514164514948
1658275200.0,-0.723050780626946
1658361600.0,-0.0
1658448000.0,-0.0
1658534400.0,-0.0
1658620800.0,-1.8047411202162835
1658707200.0,-0.0
1658793600.0,-0.0
1658880000.0,-6.620731133782503
1658966400.0,-10.989088756484202
1659052800.0,-10.887770916885424
1659139200.0,-10.048001900210842
1659225600.0,-8.234022887394037
1659312000.0,-7.875513608813691
1659398400.0,-7.674826349608383
1659484800.0,-7.177979251575857
1659571200.0,-5.740045297269955
1659657600.0,-8.138550307772093
1659744000.0,-7.976831448412486
1659830400.0,-8.232074467401752
1659916800.0,-10.299348079215541
1660003200.0,-7.879410448798294
1660089600.0,-10.6831868176956
1660176000.0,-11.511265314416475
1660262400.0,-11.982782952549305
1660348800.0,-12.769944629432212
1660435200.0,-12.462094270651288
1660521600.0,-11.285248595311488
1660608000.0,-10.714361537572147
1660694400.0,-8.76983838527228
1660780800.0,-8.721127885465176
1660867200.0,-0.0
1660953600.0,-0.5079720908162519
1661040000.0,-2.4681239374392945
1661126400.0,-0.7794075591913552
1661212800.0,-2.0939307560364693
1661299200.0,-2.031888363265025
1661385600.0,-2.357610925315142
1661472000.0,-0.0
1661558400.0,-0.0
1661644800.0,-0.0
1661731200.0,-1.0035256183966987
1661817600.0,-0.0
1661904000.0,-1.0239801508823558
1661990400.0,-0.7805293346108647
1662076800.0,-0.2657516544032279
1662163200.0,-0.0
1662249600.0,-0.10747181727595574
1662336000.0,-0.0
1662422400.0,-0.0
1662508800.0,-1.672732637023917
1662595200.0,-1.672732637023917
1662681600.0,-1.672732637023917
1662768000.0,-1.672732637023917
1662854400.0,-1.672732637023917
1662940800.0,-1.672732637023917
1663027200.0,-2.0292340187708846
1663113600.0,-2.5963583420462966
1663200000.0,-0.0
1663286400.0,-0.5248857689666703
1663372800.0,-0.5248857689666703
1663459200.0,-0.5248857689666703
1663545600.0,-0.5248857689666703
1663632000.0,-0.5248857689666703
1663718400.0,-0.5248857689666703
1663804800.0,-0.5248857689666703
1663891200.0,-0.5248857689666703
1663977600.0,-0.5248857689666703
1664064000.0,-0.5248857689666703
1664150400.0,-0.5248857689666703
1664236800.0,-0.5248857689666703
1664323200.0,-0.5248857689666703
1664409600.0,-0.5248857689666703
1664496000.0,-0.5248857689666703
1664582400.0,-0.5248857689666703
1664668800.0,-0.5248857689666703
1664755200.0,-0.5248857689666703
1664841600.0,-0.5248857689666703
1664928000.0,-0.5248857689666703
1665014400.0,-0.5248857689666703
1665100800.0,-0.5248857689666703
1665187200.0,-0.5248857689666703
1665273600.0,-0.5248857689666703
1665360000.0,-0.5248857689666703
1665446400.0,-0.5248857689666703
1665532800.0,-0.5248857689666703
1665619200.0,-0.5248857689666703
1665705600.0,-0.5248857689666703
1665792000.0,-0.5248857689666703
1665878400.0,-0.5248857689666703
1665964800.0,-0.5248857689666703
1666051200.0,-0.5248857689666703
1666137600.0,-0.5248857689666703
1666224000.0,-0.5248857689666703
1666310400.0,-0.5248857689666703
1666396800.0,-0.5248857689666703
1666483200.0,-0.5248857689666703
1666569600.0,-0.5248857689666703
1666656000.0,-0.5248857689666703
1666742400.0,-0.5248857689666703
1666828800.0,-0.5248857689666703
1666915200.0,-0.5248857689666703
1667001600.0,-0.5248857689666703
1667088000.0,-0.5248857689666703
1667174400.0,-0.5248857689666703
1667260800.0,-0.5248857689666703
1667347200.0,-0.5248857689666703
1667433600.0,-0.5248857689666703
1667520000.0,-0.5248857689666703
1667606400.0,-0.5248857689666703
1667692800.0,-0.9196419443890438
1667779200.0,-0.0
1667865600.0,-0.0
1667952000.0,-0.0
1668038400.0,-6.5881473567866
1668124800.0,-6.5881473567866
1668211200.0,-6.865245408797828
1668297600.0,-9.368258499739254
1668384000.0,-7.5788237022679645
1668470400.0,-6.502967198266826
1668556800.0,-7.740751084247732
1668643200.0,-7.48550961773727
1668729600.0,-7.469042426349497
1668816000.0,-7.364750214226949
1668902400.0,-9.69760232749472
1668988800.0,-12.42566703406904
1669075200.0,-10.323355600230071
1669161600.0,-7.721539360962004
1669248000.0,-8.01245974214598
1669334400.0,-8.270445740554408
1669420800.0,-8.701337248534456
1669507200.0,-8.764461482187572
1669593600.0,-10.043413346637898
1669680000.0,-8.75897241839165
1669766400.0,-4.551605018815758
1669852800.0,-5.959549882470318
1669939200.0,-5.3667309925105275
1670025600.0,-6.255959327450239
1670112000.0,-4.960540271612151
1670198400.0,-5.910148308307024
1670284800.0,-5.37222005630646
1670371200.0,-6.502967198266826
1670457600.0,-4.37321044544823
1670544000.0,-4.99347465438766
1670630400.0,-5.147168440673528
1670716800.0,-5.196570014836835
1670803200.0,-4.565327678305552
1670889600.0,-1.4365613146287644
1670976000.0,-1.2005315714040425
1671062400.0,-3.637675896794374
1671148800.0,-7.795641722206946
1671235200.0,-6.870734472593709
1671321600.0,-6.93111417434887
1671408000.0,-8.780928673575318
1671494400.0,-6.244981199858347
1671580800.0,-6.744486005287442
1671667200.0,-6.6237266017771095
1671753600.0,-6.843289153614069
1671840000.0,-6.486500006879002
1671926400.0,-6.64019379316487
1672012800.0,-6.250470263654254
1672099200.0,-7.348283022839086
1672185600.0,-8.221044166391037
1672272000.0,-7.6392034040230605
1672358400.0,-7.825831573084488
1672444800.0,-8.13321914565625
1672531200.0,-7.759962807533408
1672617600.0,-7.370239278022805
1672704000.0,-7.474531490145366
1672790400.0,-6.491989070674935
1672876800.0,-6.618237537981175
1672963200.0,-5.910148308306972
1673049600.0,-5.992484265245839
1673136000.0,-5.394176311490103
1673222400.0,-4.7190214645914335
1673308800.0,-3.379689898385933
1673395200.0,-0.7421947444443673
1673481600.0,-0.0
1673568000.0,-0.0
1673654400.0,-0.0
1673740800.0,-0.8159095920675634
1673827200.0,-0.0
1673913600.0,-0.07963525332135171
1674000000.0,-2.220418239666018
1674086400.0,-0.5269979999207473
1674172800.0,-0.9322009065264601
1674259200.0,-0.0
1674345600.0,-0.23546515466609727
1674432000.0,-0.0
1674518400.0,-1.3782312407474466
1674604800.0,-0.0
1674691200.0,-0.5794158130254606
1674777600.0,-0.35623342578602957
1674864000.0,-0.5472260456351461
1674950400.0,-0.0
1675036800.0,-4.376650654981033
1675123200.0,-4.376650654981033
1675209600.0,-4.376650654981033
1675296000.0,-4.376650654981033
1675382400.0,-4.376650654981033
1675468800.0,-4.376650654981033
1675555200.0,-4.376650654981033
1675641600.0,-4.376650654981033
1675728000.0,-4.376650654981033
1675814400.0,-4.376650654981033
1675900800.0,-4.376650654981033
1675987200.0,-4.376650654981033
1676073600.0,-4.523230671555746
1676160000.0,-4.759785031047388
1676246400.0,-4.703993908525767
1676332800.0,-3.762239760360909
1676419200.0,-0.0
1676505600.0,-1.3924330460385765
1676592000.0,-0.0
1676678400.0,-0.0
1676764800.0,-0.5885435572389996
1676851200.0,-0.0
1676937600.0,-0.8250872589777278
1677024000.0,-1.3766044718753
1677110400.0,-1.8318250285526632
1677196800.0,-3.476528145586523
1677283200.0,-3.549844917935995
1677369600.0,-2.7050606156404955
1677456000.0,-2.7575860644878807
1677542400.0,-3.5826733234656087
1677628800.0,-2.4293020091917095
1677715200.0,-2.880145445131792
1677801600.0,-5.326955937272662
1677888000.0,-5.372915705014117
1677974400.0,-5.19126519441691
1678060800.0,-5.226282160315172
1678147200.0,-5.666182794412044
1678233600.0,-6.686051926198839
1678320000.0,-9.706265234923704
1678406400.0,-9.894481426626841
1678492800.0,-9.425035227553302
1678579200.0,-6.171740239568142
1678665600.0,-1.2627993327059306
1678752000.0,-0.40939039880598016
1678838400.0,-0.7054182101777388
1678924800.0,-0.0
1679011200.0,-0.0
1679097600.0,-1.8756529488300275
1679184000.0,-0.0
1679270400.0,-0.43464926621775357
1679356800.0,-0.31803604845201516
1679443200.0,-3.5231326700740544
1679529600.0,-0.0
1679616000.0,-3.0483642142180525
1679702400.0,-2.583717474868429
1679788800.0,-0.7216104664142172
1679875200.0,-3.917816824970801
1679961600.0,-3.6256525873494425
1680048000.0,-0.0
1680134400.0,-1.8895205153028456
1680220800.0,-0.0
1680307200.0,-0.10436714269639732
1680393600.0,-1.9481866636660283
1680480000.0,-2.365655234451601
1680566400.0,-1.2767580456525565
1680652800.0,-1.3706884740793042
1680739200.0,-1.9899335207445774
1680825600.0,-2.0856034015496028
1680912000.0,-2.2960771393206585
1680998400.0,-0.6088083323956069
1681084800.0,-0.0
1681171200.0,-0.0
1681257600.0,-1.0313626744482944
1681344000.0,-0.0
1681430400.0,-0.0
1681516800.0,-0.34923176844674747
1681603200.0,-0.4830495488796013
1681689600.0,-3.0337469978621794
1681776000.0,-0.38513409978237834
1681862400.0,-4.334390546703586
1681948800.0,-7.209840901858621
1682035200.0,-10.411676087337709
1682121600.0,-8.531699464671085
1682208000.0,-9.23016300156458
1682294400.0,-9.56307552849513
1682380800.0,-7.121716997671116
1682467200.0,-6.8736645266248395
1682553600.0,-3.162669005840206
1682640000.0,-3.3225975726989905
1682726400.0,-3.9492564469211926
1682812800.0,-3.358499904034636
1682899200.0,-7.823444382867874
1682985600.0,-5.434307424895705
1683072000.0,-4.344182091613334
1683158400.0,-5.3755581554373775
1683244800.0,-2.5882317044698646
1683331200.0,-5.422667226356715
1683417600.0,-5.422667226356715
1683504000.0,-5.422667226356715
1683590400.0,-5.422667226356715
1683676800.0,-5.422667226356715
1683763200.0,-5.422667226356715
1683849600.0,-5.422667226356715
1683936000.0,-5.422667226356715
1684022400.0,-5.422667226356715
1684108800.0,-5.422667226356715
1684195200.0,-5.422667226356715
1684281600.0,-5.422667226356715
1684368000.0,-5.422667226356715
1684454400.0,-5.422667226356715
1684540800.0,-5.422667226356715
1684627200.0,-5.422667226356715
1684713600.0,-5.422667226356715
1684800000.0,-5.422667226356715
1684886400.0,-5.422667226356715
1684972800.0,-5.422667226356715
1685059200.0,-5.422667226356715
1685145600.0,-5.422667226356715
1685232000.0,-5.422667226356715
1685318400.0,-5.422667226356715
1685404800.0,-5.422667226356715
1685491200.0,-5.422667226356715
1685577600.0,-5.422667226356715
1685664000.0,-5.422667226356715
1685750400.0,-5.422667226356715
1685836800.0,-5.422667226356715
1685923200.0,-5.422667226356715
1686009600.0,-5.706448429924715
1686096000.0,-8.647613430967457
1686182400.0,-7.6695455430467225
1686268800.0,-7.906231010586253
1686355200.0,-9.970267514276607
1686441600.0,-9.970267514276607
1686528000.0,-9.824079431384558
1686614400.0,-10.151262283571553
1686700800.0,-13.033255917729413
1686787200.0,-10.833473337067845
1686873600.0,-8.32043057878043
1686960000.0,-7.631258188003541
1687046400.0,-8.021093075715719
1687132800.0,-6.9351244599461
1687219200.0,-1.8742322569683885
1687305600.0,-0.0
1687392000.0,-0.4034783083244049
1687478400.0,-0.0
1687564800.0,-0.5335701621649215
1687651200.0,-0.5352018751990633
1687737600.0,-1.4424343221828542
1687824000.0,-0.13706389486805295
1687910400.0,-1.8568894328552965
1687996800.0,-0.6755291961354142
1688083200.0,-0.5417287273356447
1688169600.0,-0.32307918076041675
1688256000.0,-0.13869560790220925
1688342400.0,-0.0
1688428800.0,-1.09308439865664
1688515200.0,-2.2247482466776343
1688601600.0,-3.0220568668742414
1688688000.0,-2.6041128320937608
1688774400.0,-2.8998886105537935
1688860800.0,-3.0059820963057637
1688947200.0,-2.5108791627965754
1689033600.0,-1.8260939365793378
1689120000.0,-2.436935218181574
1689206400.0,-0.0
1689292800.0,-3.851421443373155
1689379200.0,-3.851421443373155
1689465600.0,-3.851421443373155
1689552000.0,-3.851421443373155
1689638400.0,-3.851421443373155
1689724800.0,-3.851421443373155
1689811200.0,-3.851421443373155
1689897600.0,-3.851421443373155
1689984000.0,-3.851421443373155
1690070400.0,-3.851421443373155
1690156800.0,-3.851421443373155
1690243200.0,-3.851421443373155
1690329600.0,-3.851421443373155
1690416000.0,-3.851421443373155
1690502400.0,-3.851421443373155
1690588800.0,-3.851421443373155
1690675200.0,-3.851421443373155
1690761600.0,-3.851421443373155
1690848000.0,-3.851421443373155
1690934400.0,-3.851421443373155
1691020800.0,-3.851421443373155
1691107200.0,-3.851421443373155
1691193600.0,-3.851421443373155
1691280000.0,-3.851421443373155
1691366400.0,-3.851421443373155
1691452800.0,-3.851421443373155
1691539200.0,-3.851421443373155
1691625600.0,-3.851421443373155
1691712000.0,-3.851421443373155
1691798400.0,-3.851421443373155
1691884800.0,-3.851421443373155
1691971200.0,-3.851421443373155
1692057600.0,-3.851421443373155
1692144000.0,-3.851421443373155
1692230400.0,-3.851421443373155
1692316800.0,-4.1365252098199
1692403200.0,-4.105616853906829
1692489600.0,-3.6147194364639814
1692576000.0,-3.88016766959974
1692662400.0,-5.0746847187106825
1692748800.0,-2.7420129165655553
1692835200.0,-3.989255984587025
1692921600.0,-4.2074326145616245
1693008000.0,-4.258340494889029
1693094400.0,-4.127434516904272
1693180800.0,-4.218341446060346
1693267200.0,-0.0
1693353600.0,-1.2025269569927963
1693440000.0,-5.702594302758709
1693526400.0,-6.462462305389027
1693612800.0,-6.3334281162631285
1693699200.0,-5.946325548885415
1693785600.0,-6.645260739984068
1693872000.0,-6.6524293060466215
1693958400.0,-6.681103570296823
1694044800.0,-4.265296807217386
1694131200.0,-6.121955417417887
1694217600.0,-6.125539700449164
1694304000.0,-6.24023675744997
1694390400.0,-8.856763370280818
1694476800.0,-5.770695680352944
1694563200.0,-4.878209205565433
1694649600.0,-3.598620163400211
1694736000.0,-2.971370632927069
1694822400.0,-3.7204857864635574
1694908800.0,-4.0932512217161765
1694995200.0,-2.7061336886127156
1695081600.0,-1.4623874767602625
1695168000.0,-1.770635817449925
1695254400.0,-3.6882272391821207
1695340800.0,-3.7169015034323225
1695427200.0,-3.659552974931933
1695513600.0,-3.906868504089916
1695600000.0,-4.720500752189361
1695686400.0,-5.157783282004923
1695772800.0,-4.59146656306346
1695859200.0,-2.0717155920770622
1695945600.0,-2.62369517889343
1696032000.0,-2.1577383848276663
1696118400.0,-0.0
1696204800.0,-1.3999356579825202
1696291200.0,-2.2292646300531667
1696377600.0,-0.5564301222867132
1696464000.0,-1.7118200577355653
1696550400.0,-0.0
1696636800.0,-0.32482913633250227
1696723200.0,-0.44134393523436843
1696809600.0,-1.4582003620143835
1696896000.0,-2.079612622824387
1696982400.0,-4.4522776186444135
1697068800.0,-4.544077157173168
1697155200.0,-4.176879003058159
1697241600.0,-4.180409754540036
1697328000.0,-3.2800681266619005
1697414400.0,-0.0
1697500800.0,-0.5308521841195518
1697587200.0,-0.7216814006331053
1697673600.0,-0.0
1697760000.0,-0.0
1697846400.0,-0.0
1697932800.0,-0.029721035917267876
1698019200.0,-0.0
1698105600.0,-0.0
1698192000.0,-0.0
1698278400.0,-0.0
1698364800.0,-0.0
1698451200.0,-0.0
1698537600.0,-0.0
1698624000.0,-0.0
1698710400.0,-0.0
1698796800.0,-0.0
1698883200.0,-0.0
1698969600.0,-0.0
1699056000.0,-0.0
1699142400.0,-0.0
1699228800.0,-0.0
1699315200.0,-0.0
1699401600.0,-0.0
1699488000.0,-0.0
1699574400.0,-0.0
1699660800.0,-0.0
1699747200.0,-0.0
1699833600.0,-0.0
1699920000.0,-0.0
1700006400.0,-0.0
1700092800.0,-0.0
1700179200.0,-0.0
1700265600.0,-0.0
1700352000.0,-0.0
1700438400.0,-0.0
1700524800.0,-0.0
1700611200.0,-0.0
1700697600.0,-0.0
1700784000.0,-0.0
1700870400.0,-0.0
1700956800.0,-0.0
1701043200.0,-0.0
1701129600.0,-0.2997278076157629
1701216000.0,-0.5471921127102978
1701302400.0,-0.6209048844405826
1701388800.0,-0.0
1701475200.0,-0.0
1701561600.0,-0.0
1701648000.0,-0.0
1701734400.0,-0.0
1701820800.0,-1.0950695625168836
1701907200.0,-2.494952302229195
1701993600.0,-0.0
1702080000.0,-0.7384537871441421
1702166400.0,-1.199564625223453
1702252800.0,-6.744168785795789
1702339200.0,-7.028276197032925
1702425600.0,-2.838819291647244
1702512000.0,-2.832054829474938
1702598400.0,-4.910999537099048
1702684800.0,-4.647185512378849
1702771200.0,-5.858024241222825
1702857600.0,-4.15563459452411
1702944000.0,-4.595324635724428
1703030400.0,-1.5964130726657861
1703116800.0,-0.804970998505209
1703203200.0,-1.1882905216029296
1703289600.0,-1.1431941071208356
1703376000.0,-3.298802719364481
1703462400.0,-1.3720584106174096
1703548800.0,-4.205240650454383
1703635200.0,-2.115021839209769
1703721600.0,-3.984268219492189
1703808000.0,-5.774595874430964
1703894400.0,-4.701301209757357
1703980800.0,-4.3811166669345605
1704067200.0,-1.9391458227296692
1704153600.0,-0.0
1704240000.0,-5.147295860086972
1704326400.0,-1.6392379403595412
1704412800.0,-2.7494390082214317
1704499200.0,-2.7206026168483977
1704585600.0,-2.5276206130442236
1704672000.0,-0.0
1704758400.0,-2.1445271139984947
1704844800.0,-0.6775555114272458
1704931200.0,-1.82090589693384
1705017600.0,-1.82090589693384
1705104000.0,-1.82090589693384
1705190400.0,-1.82090589693384
1705276800.0,-1.82090589693384
1705363200.0,-1.82090589693384
1705449600.0,-1.82090589693384
1705536000.0,-1.82090589693384
1705622400.0,-1.82090589693384
1705708800.0,-1.82090589693384
1705795200.0,-1.82090589693384
1705881600.0,-1.82090589693384
1705968000.0,-2.112859968610277
1706054400.0,-1.2914862976241104
1706140800.0,-0.9078506908161927
1706227200.0,-0.0
1706313600.0,-0.0
1706400000.0,-0.8292807210896459
1706486400.0,-0.0
1706572800.0,-0.0
1706659200.0,-1.686173865282825
1706745600.0,-1.0615802896760178
1706832000.0,-0.638320906938813
1706918400.0,-0.8259277684763752
1707004800.0,-2.008766151585229
1707091200.0,-2.162054684792751
1707177600.0,-0.5376538105040118
1707264000.0,-0.0
1707350400.0,-0.0
1707436800.0,-0.0
1707523200.0,-0.0
1707609600.0,-0.0
1707696000.0,-0.0
1707782400.0,-0.14418551819107028
1707868800.0,-0.0
1707955200.0,-0.05917172264257258
1708041600.0,-0.0
1708128000.0,-0.08416183063379727
1708214400.0,-0.0
1708300800.0,-0.07223889680190426
1708387200.0,-0.0
1708473600.0,-0.49372051273702655
1708560000.0,-0.3750698866716077
1708646400.0,-1.6763993338407255
1708732800.0,-0.04399636555358183
1708819200.0,-0.0
1708905600.0,-0.0
1708992000.0,-0.0
1709078400.0,-0.0
1709164800.0,-0.40778963380893984
1709251200.0,-0.40778963380893984
1709337600.0,-0.40778963380893984
1709424000.0,-0.40778963380893984
1709510400.0,-0.40778963380893984
1709596800.0,-0.40778963380893984
1709683200.0,-0.40778963380893984
1709769600.0,-0.40778963380893984
1709856000.0,-0.40778963380893984
1709942400.0,-0.40778963380893984
1710028800.0,-0.40778963380893984
1710115200.0,-0.40778963380893984
1710201600.0,-0.40778963380893984
1710288000.0,-0.40778963380893984
1710374400.0,-0.40778963380893984
1710460800.0,-0.40778963380893984
1710547200.0,-0.40778963380893984
1710633600.0,-0.40778963380893984
1710720000.0,-0.40778963380893984
1710806400.0,-0.40778963380893984
1710892800.0,-0.40778963380893984
1710979200.0,-0.40778963380893984
1711065600.0,-0.40778963380893984
1711152000.0,-0.40778963380893984
1711238400.0,-0.40778963380893984
1711324800.0,-0.40778963380893984
1711411200.0,-0.40778963380893984
1711497600.0,-0.40778963380893984
1711584000.0,-0.40778963380893984
1711670400.0,-0.40778963380893984
1711756800.0,-0.40778963380893984
1711843200.0,-0.40778963380893984
1711929600.0,-0.40778963380893984
1712016000.0,-0.40778963380893984
1712102400.0,-0.40778963380893984
1712188800.0,-0.40778963380893984
1712275200.0,-0.40778963380893984
1712361600.0,-0.40778963380893984
1712448000.0,-0.40778963380893984
1712534400.0,-0.40778963380893984
1712620800.0,-0.40778963380893984
1712707200.0,-0.40778963380893984
1712793600.0,-0.40778963380893984
1712880000.0,-0.40778963380893984
1712966400.0,-0.40778963380893984
1713052800.0,-0.7066218959089327
1713139200.0,-3.3450143064228373
1713225600.0,-2.627536613555035
1713312000.0,-5.994868021934638
1713398400.0,-3.114260032465357
1713484800.0,-1.994108490671729
1713571200.0,-1.3094865387978734
1713657600.0,-0.6554280669183825
1713744000.0,-0.0
1713830400.0,-0.5290317146219257
1713916800.0,-4.086882395960292
1714003200.0,-3.2131557964572353
1714089600.0,-4.382121058228054
1714176000.0,-5.171172609923355
1714262400.0,-5.361504133314235
1714348800.0,-4.358142283627613
1714435200.0,-9.19586005926378
1714521600.0,-12.989002466368849
1714608000.0,-11.010753561833619
1714694400.0,-5.767644628108991
1714780800.0,-4.557465847493696
1714867200.0,-4.281709939588788
1714953600.0,-4.873685937536823
1715040000.0,-5.673977539826069
1715126400.0,-8.141543313551274
1715212800.0,-5.239362250193335
1715299200.0,-8.884885326164522
1715385600.0,-8.68181507876717
1715472000.0,-8.010409389955221
1715558400.0,-5.876298450517204
1715644800.0,-7.487372368983397
1715731200.0,-0.9096947614037401
1715817600.0,-1.9407820692220987
1715904000.0,-0.0
1715990400.0,-0.0
1716076800.0,-0.9369721364143164
1716163200.0,-0.0
1716249600.0,-0.0
1716336000.0,-1.3592045833773345
1716422400.0,-3.4819350204753055
1716508800.0,-1.840604420054321
1716595200.0,-1.3142072692665783
1716681600.0,-2.059162802878019
1716768000.0,-0.6778166839858581
1716854400.0,-2.0805900953117042
1716940800.0,-3.3747985583068423
1717027200.0,-2.480566220740672
1717113600.0,-3.560501759398859
1717200000.0,-3.2776614992741053
1717286400.0,-3.1305274245627492
1717372800.0,-1.4077731128937214
1717459200.0,-0.0
1717545600.0,-0.0
1717632000.0,-0.5484254134803433
1717718400.0,-2.486195207777587
1717804800.0,-2.6254108896610564
1717891200.0,-2.209170063019558
1717977600.0,-2.521350683000688
1718064000.0,-5.413943184357327
1718150400.0,-4.138502543263265
1718236800.0,-5.948306407748433
1718323200.0,-7.339057007574255
1718409600.0,-7.132342813262429
1718496000.0,-6.351891263309615
1718582400.0,-6.374390767452402
1718668800.0,-8.217240778647279
1718755200.0,-8.704495665239435
1718841600.0,-8.565279983355953
1718928000.0,-9.750722607878885
1719014400.0,-9.583382545816951
1719100800.0,-10.444691688782893
1719187200.0,-15.499345916360177
1719273600.0,-12.972370357323761
1719360000.0,-14.42499459354224
1719446400.0,-13.307050481447677
1719532800.0,-15.137947631066705
1719619200.0,-14.342027672015734
1719705600.0,-11.663180460015534
1719792000.0,-11.505683931016058
1719878400.0,-12.795186762199359
1719964800.0,-15.153416040164892
1720051200.0,-18.176786909351467
1720137600.0,-20.329708212014097
1720224000.0,-18.393344636725764
1720310400.0,-20.40423781948707
1720396800.0,-20.243928852469733
1720483200.0,-18.15288118619977
1720569600.0,-18.726618541840757
1720656000.0,-19.41285341819566
1720742400.0,-18.698494161662268
1720828800.0,-17.04196816914981
1720915200.0,-14.458743849756441
1721001600.0,-9.278936130384913
1721088000.0,-9.1404235580059
1721174400.0,-9.63260021112929
1721260800.0,-9.982748744351355
1721347200.0,-6.08611587062298
1721433600.0,-5.741592213436606
1721520000.0,-4.733475219210446
1721606400.0,-4.756676184963255
1721692800.0,-4.900939629454014
1721779200.0,-4.945254276843495
1721865600.0,-4.916754820641921
1721952000.0,-4.734599141426824
1722038400.0,-4.678884711556722
1722124800.0,-4.726009164487203
1722211200.0,-4.794568419687592
1722297600.0,-4.881030150192074
1722384000.0,-4.9800155853935815
1722470400.0,-4.944852876051918
1722556800.0,-5.256339890311325
1722643200.0,-5.327949791527649
1722729600.0,-5.474782201084464
1722816000.0,-5.790202943101262
1722902400.0,-5.6829486515933825
1722988800.0,-5.768366740039765
1723075200.0,-5.257865213319269
1723161600.0,-5.322089339970689
1723248000.0,-5.299932016275943
1723334400.0,-5.454069920239358
1723420800.0,-5.453106558339585
1723507200.0,-5.323694943136973
1723593600.0,-5.463944379712013
1723680000.0,-5.5696733482119125
1723766400.0,-5.448209468682422
1723852800.0,-5.429745032270134
1723939200.0,-5.42332261960499
1724025600.0,-5.438736410001332
1724112000.0,-5.423563460079936
1724198400.0,-5.271593120391012
1724284800.0,-5.339429854166575
1724371200.0,-5.015017734418565
1724457600.0,-5.059894342916241
1724544000.0,-5.020235944708991
1724630400.0,-5.137444975847841
1724716800.0,-5.426252845383446
1724803200.0,-5.452143196439802
1724889600.0,-5.432635117969438
1724976000.0,-5.436649125885144
1725062400.0,-5.448209468682386
1725148800.0,-5.553296195915776
1725235200.0,-5.4300661529033585
1725321600.0,-5.539407728527401
1725408000.0,-5.525358700822408
1725494400.0,-5.688568262675337
1725580800.0,-5.868074696666063
1725667200.0,-6.125702124309491
1725753600.0,-4.645038418639293
1725840000.0,-0.5276476685224134
1725926400.0,-0.0
1726012800.0,-0.3418991738356863
1726099200.0,-0.0
1726185600.0,-0.0
1726272000.0,-0.7963814783097677
1726358400.0,-1.7790799484394266
1726444800.0,-4.356190198125091
1726531200.0,-0.43364043228873594
1726617600.0,-0.0
1726704000.0,-0.0
1726790400.0,-0.0
1726876800.0,-0.05694821525926534
1726963200.0,-0.0
1727049600.0,-0.4663994078781776
1727136000.0,-0.0
1727222400.0,-1.7142148599278835
1727308800.0,-0.0
1727395200.0,-0.0
1727481600.0,-0.29833872521661514
1727568000.0,-0.3043963643073055
1727654400.0,-3.5573485560093245
1727740800.0,-7.985482731305732
1727827200.0,-7.849185851765148
1727913600.0,-7.7386339383600165
1728000000.0,-5.633604354344292
1728086400.0,-6.057639090692784
1728172800.0,-5.18079583231501
1728259200.0,-4.45690796097724
1728345600.0,-5.782016512066279
1728432000.0,-7.981696706874078
1728518400.0,-8.838095433320756
1728604800.0,-5.32012153140094
1728691200.0,-4.037416453946776
1728777600.0,-4.72344408096772
1728864000.0,-0.0
1728950400.0,-0.0
1729036800.0,-0.0
1729123200.0,-0.6456047721630933
1729209600.0,-0.05547607081308561
1729296000.0,-0.0
1729382400.0,-0.0
1729468800.0,-1.2137945255769491
1729555200.0,-1.2904995962904913
1729641600.0,-2.3154816401110305
1729728000.0,-0.8732577281233977
1729814400.0,-1.7979331410108514
1729900800.0,-1.7920327509559606
1729987200.0,-0.8909588982880912
1730073600.0,-0.0
1730160000.0,-0.0
1730246400.0,-0.2757746503768229
1730332800.0,-1.9132377821394924
1730419200.0,-2.763474760600965
1730505600.0,-2.7503816021261196
1730592000.0,-3.1120801049942424
1730678400.0,-4.026146231020687
1730764800.0,-2.779841208694576
1730851200.0,-0.0
1730937600.0,-0.07507673922730768
1731024000.0,-0.0
1731110400.0,-0.0
1731196800.0,-0.0
1731283200.0,-0.0
1731369600.0,-0.0
1731456000.0,-0.0
1731542400.0,-1.2626360228498206
1731628800.0,-0.0
1731715200.0,-0.47721587687287687
1731801600.0,-1.2090417148791088
1731888000.0,-0.0
1731974400.0,-0.0
1732060800.0,-0.0
1732147200.0,-0.0
1732233600.0,-0.0
1732320000.0,-0.5776465030776488
1732406400.0,-0.5884752600187657
1732492800.0,-2.9684329964834433
1732579200.0,-4.217462429910296
1732665600.0,-1.509596397322445
1732752000.0,-1.831075119011833
1732838400.0,-0.5410994484013911
1732924800.0,-1.2557974065150466
1733011200.0,-0.36986972926997275
1733097600.0,-1.9528986345993746
1733184000.0,-1.6571382106451438
1733270400.0,-0.0
1733356800.0,-1.0936341350319878
1733443200.0,-0.0
1733529600.0,-0.39722582384105987
1733616000.0,-0.2401365181910605
1733702400.0,-2.2316020044673057
1733788800.0,-2.398363475433322
1733875200.0,-0.0
1733961600.0,-0.5645037718294695
1734048000.0,-0.0
1734134400.0,-0.1195022931549329
1734220800.0,-0.0
1734307200.0,-0.0
1734393600.0,-0.16750988065556716
